,CA1 Axo Axonic,CA1 Back Projection,CA1 Basket,CA1 Basket CCK+,CA1 Bistratified,CA1 Horizontal Axo Axonic,CA1 Horizontal Basket,CA1 Ivy,CA1 LMR,CA1 Neurogliaform,CA1 Neurogliaform Projecting,CA1 O LM,CA1 O LMR,CA1 OR LM,CA1 Oriens Alveus,CA1 Oriens Bistratified,CA1 Perforant Path Associated,CA1 Perforant Path Associated QuadD,CA1 Pyramidal,CA1 Quadrilaminar,CA1 R Receiving Apical Targeting,CA1 Radial Trilaminar,CA1 Radiatum,CA1 Radiatum Giant,CA1 Recurrent O LM,CA1 SO SO,CA1 Schaffer Collateral Associated,CA1 Trilaminar,CA2 Basket,CA2 Bistratified,CA2 Pyramidal,CA2 SP SR,CA2 Wide Arbor Basket,CA3 Axo Axonic,CA3 Basket,CA3 Basket CCK+,CA3 Granule,CA3 Horizontal Axo Axonic,CA3 LMR Targeting,CA3 Lucidum ORAX,CA3 Mossy Fiber Associated,CA3 Mossy Fiber Associated ORDEN,CA3 O LM,CA3 Pyramidal,CA3 Spiny Lucidum,CA3 Trilaminar,CA3c Pyramidal,DG AIPRIM,DG Axo Axonic,DG Basket,DG Granule,DG HICAP,DG HIPP,DG HIPROM,DG Hilar Ectopic Granule,DG MOLAX,DG MOPP,DG Mossy,DG Neurogliaform,DG Semilunar Granule,DG Total Molecular Layer,EC LI II Multipolar Pyramidal,EC LI II Pyramidal Fan,EC LII III Pyramidal Tripolar,EC LIII Pyramidal,EC LIII Pyramidal Stellate,EC LIII Stellate,EC LIII V Bipolar Pyramidal,EC LIV VI Deep Multipolar Principal,EC LV Deep Pyramidal,LEC LIII Complex Pyramidal,LEC LIII Multipolar Principal,LEC LVI Multipolar Pyramidal,MEC LII III Pyramidal Multiform,MEC LII Oblique Pyramidal,MEC LII Stellate,MEC LIII Bipolar Complex Pyramidal,MEC LIII Complex Pyramidal,MEC LIII Superficial Multipolar Interneuron,MEC LIII Superficial Trilayered Interneuron,MEC LV Multipolar Pyramidal,MEC LV Pyramidal,MEC LV Superficial Pyramidal,MEC LV VI Pyramidal Polymorphic,SUB CA1 Projecting Pyramidal
CA1 Axo Axonic,0.0,0.0,0.0,0.0,0.0,0.0,0.0,0.0,0.0,0.0,0.0,0.0,0.0,0.0,0.0,0.0,0.0,0.0,-6.503271644823836,0.0,0.0,0.0,0.0,-0.4708893080476639,0.0,0.0,0.0,0.0,0.0,0.0,0.0,0.0,0.0,0.0,0.0,0.0,0.0,0.0,0.0,0.0,0.0,0.0,0.0,0.0,0.0,0.0,0.0,0.0,0.0,0.0,0.0,0.0,0.0,0.0,0.0,0.0,0.0,0.0,0.0,0.0,0.0,0.0,0.0,0.0,0.0,0.0,0.0,0.0,0.0,0.0,0.0,0.0,0.0,0.0,0.0,0.0,0.0,0.0,0.0,0.0,0.0,0.0,0.0,0.0,0.0
CA1 Back Projection,-165.9508612332082,0.0,-370.3578392858256,-344.9751917024145,-155.6642611366457,-161.94223645711918,-228.5553693824964,-93.67401880383592,-607.4492455976291,-68.30699803626325,-19.65724259192024,-29.982951386949505,-52.18140613694211,-103.18734776746734,-387.6543581593633,-8.813632648504758,-467.9332789471777,-1291.8238424111594,-79.94784956310734,-234.753826191052,-195.02855519807,-384.5921097228289,-52.3453308916831,-2.935217893745475,-21.37418588688117,-133.10363648265974,-39.686257533062495,-557.8829332191739,0.0,0.0,0.0,0.0,-22.3112736398551,-412.59479017064496,-889.189555590594,-236.6642243006076,-97.1188902641262,-159.54248808189908,-182.15843057625327,-551.4132245194545,-224.04633112189435,-476.568301606318,-406.0966533461606,-117.48279640383,-26.589422087255947,-18.41035120848968,-90.03397276180945,-299.0210946950686,-200.00529708765205,-76.97602215965082,0.0,-187.5246981612832,-19.95812583875511,-58.764111366799504,-45.41684809800903,-111.3396805426857,0.0,-69.3292329226271,0.0,0.0,-103.91252587979872,0.0,0.0,0.0,0.0,0.0,0.0,0.0,0.0,0.0,0.0,0.0,0.0,0.0,0.0,0.0,0.0,0.0,0.0,0.0,0.0,0.0,0.0,0.0,0.0
CA1 Basket,-280.0288878399418,0.0,0.0,-512.4557199175513,-301.34936378720096,0.0,-730.8073859758965,-206.0993534163676,0.0,0.0,0.0,0.0,0.0,-315.3446292139412,0.0,0.0,0.0,0.0,-188.4203597975635,0.0,0.0,-631.1171530677354,0.0,-10.791757553673635,0.0,0.0,0.0,0.0,0.0,0.0,0.0,0.0,0.0,0.0,0.0,0.0,0.0,0.0,0.0,0.0,0.0,0.0,0.0,0.0,0.0,0.0,0.0,0.0,0.0,0.0,0.0,0.0,0.0,0.0,0.0,0.0,0.0,0.0,0.0,0.0,0.0,0.0,0.0,0.0,0.0,0.0,0.0,0.0,0.0,0.0,0.0,0.0,0.0,0.0,0.0,0.0,0.0,0.0,0.0,0.0,0.0,0.0,0.0,0.0,0.0
CA1 Basket CCK+,-601.3361936537688,0.0,-1334.2639070132095,0.0,-744.3094987034007,0.0,-1523.625908064042,-482.5912549741983,0.0,0.0,0.0,0.0,0.0,-668.9370378029282,0.0,0.0,0.0,0.0,-312.7177764720282,0.0,0.0,-1509.1777571883017,0.0,-22.88036405153411,0.0,0.0,0.0,0.0,0.0,0.0,0.0,0.0,0.0,0.0,0.0,0.0,0.0,0.0,0.0,0.0,0.0,0.0,0.0,0.0,0.0,0.0,0.0,0.0,0.0,0.0,0.0,0.0,0.0,0.0,0.0,0.0,0.0,0.0,0.0,0.0,0.0,0.0,0.0,0.0,0.0,0.0,0.0,0.0,0.0,0.0,0.0,0.0,0.0,0.0,0.0,0.0,0.0,0.0,0.0,0.0,0.0,0.0,0.0,0.0,0.0
CA1 Bistratified,-103.53031023697412,-126.40842473407209,-261.8974648443558,-241.22682739318992,0.0,-144.7619022420346,-229.2781810759488,-84.88970822124787,-368.01134441906805,0.0,0.0,-28.9490636777694,-48.75480464763523,-133.5515468530766,-246.92670438598407,-7.945902073846064,-308.31491185557314,-932.8664056531346,-57.8701864197139,-157.51414214152476,-308.5798668736339,-274.1662723951528,-90.22056835547612,-2.1576838189290704,-22.066102557359777,-133.30000131652386,-32.48635208890616,-557.8856530916332,0.0,0.0,0.0,0.0,-6.67571055437411,0.0,0.0,0.0,0.0,0.0,0.0,0.0,0.0,0.0,0.0,0.0,0.0,0.0,0.0,0.0,0.0,0.0,0.0,0.0,0.0,0.0,0.0,0.0,0.0,0.0,0.0,0.0,0.0,0.0,0.0,0.0,0.0,0.0,0.0,0.0,0.0,0.0,0.0,0.0,0.0,0.0,0.0,0.0,0.0,0.0,0.0,0.0,0.0,0.0,0.0,0.0,0.0
CA1 Horizontal Axo Axonic,0.0,0.0,0.0,0.0,0.0,0.0,0.0,0.0,0.0,0.0,0.0,0.0,0.0,0.0,0.0,0.0,0.0,0.0,-3.269523383454519,0.0,0.0,0.0,0.0,-0.2450000316141699,0.0,0.0,0.0,0.0,0.0,0.0,0.0,0.0,0.0,0.0,0.0,0.0,0.0,0.0,0.0,0.0,0.0,0.0,0.0,0.0,0.0,0.0,0.0,0.0,0.0,0.0,0.0,0.0,0.0,0.0,0.0,0.0,0.0,0.0,0.0,0.0,0.0,0.0,0.0,0.0,0.0,0.0,0.0,0.0,0.0,0.0,0.0,0.0,0.0,0.0,0.0,0.0,0.0,0.0,0.0,0.0,0.0,0.0,0.0,0.0,0.0
CA1 Horizontal Basket,-208.721801392916,0.0,-483.5280988852144,-418.0473811598559,-334.4837806563393,0.0,0.0,-214.33116905505395,0.0,0.0,0.0,0.0,0.0,-237.32186900154176,0.0,0.0,0.0,0.0,-85.4647736149027,0.0,0.0,-689.3946947481963,0.0,-8.169285286424895,0.0,0.0,0.0,0.0,0.0,0.0,0.0,0.0,0.0,0.0,0.0,0.0,0.0,0.0,0.0,0.0,0.0,0.0,0.0,0.0,0.0,0.0,0.0,0.0,0.0,0.0,0.0,0.0,0.0,0.0,0.0,0.0,0.0,0.0,0.0,0.0,0.0,0.0,0.0,0.0,0.0,0.0,0.0,0.0,0.0,0.0,0.0,0.0,0.0,0.0,0.0,0.0,0.0,0.0,0.0,0.0,0.0,0.0,0.0,0.0,0.0
CA1 Ivy,-75.16046226154998,-143.67488584101972,-193.1087050685679,-170.46307957537422,-112.48566035586768,-158.7792190384259,-262.19709298570547,0.0,-94.57845195071889,0.0,0.0,-26.386777528640312,-46.13305832300746,-82.06161380761628,-180.43116678915868,-8.57463336284139,-95.80306670099884,-694.5422768954598,-38.31969149706508,-119.29858640597324,-116.427802747467,-209.5695381448204,-29.31409038463793,-0.750372740565529,-20.59188758324208,-129.53772951505147,-11.722352084467524,-510.5863982831911,0.0,0.0,0.0,0.0,-13.010642126325823,0.0,0.0,0.0,0.0,0.0,0.0,0.0,0.0,0.0,0.0,0.0,0.0,0.0,0.0,0.0,0.0,0.0,0.0,0.0,0.0,0.0,0.0,0.0,0.0,0.0,0.0,0.0,0.0,0.0,0.0,0.0,0.0,0.0,0.0,0.0,0.0,0.0,0.0,0.0,0.0,0.0,0.0,0.0,0.0,0.0,0.0,0.0,0.0,0.0,0.0,0.0,0.0
CA1 LMR,-9.04287580022701,0.0,-20.11201688974572,-18.42906946038116,-7.657379742202606,0.0,0.0,-3.422683806350691,0.0,-5.5786005466507245,-1.827979761398799,0.0,0.0,-10.801583144852748,-20.86409376761708,0.0,-65.79293127423746,-106.22420407136504,-4.713500487369856,-14.775315014409232,-40.33412743777664,-22.45675403260124,-12.072738691034674,-0.4174324911002881,0.0,0.0,-5.9874303848006445,0.0,0.0,0.0,0.0,0.0,0.0,0.0,0.0,0.0,0.0,0.0,0.0,0.0,0.0,0.0,0.0,0.0,0.0,0.0,0.0,0.0,0.0,0.0,0.0,0.0,0.0,0.0,0.0,0.0,0.0,0.0,0.0,0.0,0.0,0.0,0.0,0.0,0.0,0.0,0.0,0.0,0.0,0.0,0.0,0.0,0.0,0.0,0.0,0.0,0.0,0.0,0.0,0.0,0.0,0.0,0.0,0.0,0.0
CA1 Neurogliaform,-31.680838384952963,0.0,-56.4733119177006,-60.693816394923154,0.0,0.0,0.0,0.0,-274.6823644846484,0.0,-22.116087186585656,0.0,0.0,0.0,-66.79640600890579,0.0,-215.97799840086435,-257.08163792227487,-14.48763688479339,-43.22993345622883,0.0,-67.2715060115873,0.0,-1.2408535242834644,0.0,0.0,-14.824580546049368,0.0,0.0,0.0,0.0,0.0,0.0,0.0,0.0,0.0,0.0,0.0,0.0,0.0,0.0,0.0,0.0,0.0,0.0,0.0,0.0,0.0,0.0,0.0,0.0,0.0,0.0,0.0,0.0,0.0,0.0,0.0,0.0,0.0,0.0,0.0,0.0,0.0,0.0,0.0,0.0,0.0,0.0,0.0,0.0,0.0,0.0,0.0,0.0,0.0,0.0,0.0,0.0,0.0,0.0,0.0,0.0,0.0,0.0
CA1 Neurogliaform Projecting,-2.3853838837794457,0.0,-3.9927467347869694,-4.4769392604884,0.0,0.0,0.0,0.0,-19.14142909445309,-4.518201695968075,0.0,0.0,0.0,0.0,-4.772431809903745,0.0,-15.606245516647007,-18.390781072430045,-1.0823676426565632,-3.0663438278064707,0.0,-4.341600931210583,0.0,-0.0885008473072588,0.0,0.0,-1.004103065308909,0.0,0.0,0.0,0.0,0.0,0.0,0.0,0.0,0.0,0.0,0.0,0.0,0.0,0.0,0.0,0.0,0.0,0.0,0.0,0.0,-4.311760072663295,-7.023325718612127,-1.7421084010730732,-1.5523330802619344,-4.069052354200564,0.0,0.0,-1.0043011889501765,-2.68322903219073,-0.3527515074631679,0.0,-0.2486502005402726,-0.1491129619800576,-1.4634236531830578,0.0,0.0,0.0,0.0,0.0,0.0,0.0,0.0,0.0,0.0,0.0,0.0,0.0,0.0,0.0,0.0,0.0,0.0,0.0,0.0,0.0,0.0,0.0,0.0
CA1 O LM,-17.118340945676195,0.0,-31.02798927060023,-32.80960459578995,0.0,0.0,0.0,0.0,-152.77273899015964,-27.785445268573497,-10.206261645913514,0.0,0.0,0.0,-36.70599001048237,0.0,-119.13605978420657,-133.08009120504286,-7.984172222617325,-23.294151630565445,0.0,-34.52820652600604,0.0,-0.6610854299300226,0.0,0.0,-7.8428658848245245,0.0,0.0,0.0,0.0,0.0,0.0,0.0,0.0,0.0,0.0,0.0,0.0,0.0,0.0,0.0,0.0,0.0,0.0,0.0,0.0,0.0,0.0,0.0,0.0,0.0,0.0,0.0,0.0,0.0,0.0,0.0,0.0,0.0,0.0,0.0,0.0,0.0,0.0,0.0,0.0,0.0,0.0,0.0,0.0,0.0,0.0,0.0,0.0,0.0,0.0,0.0,0.0,0.0,0.0,0.0,0.0,0.0,0.0
CA1 O LMR,-20.464787675061825,0.0,-42.391270266576,-42.399223189919866,-11.776307500802208,0.0,0.0,-3.985483441412229,-171.53790129339677,-16.1235879843771,-5.379552408881317,0.0,0.0,-23.59221537974291,-44.862460130382274,0.0,-156.45751031774483,-300.04872024930523,-10.566931539532968,-35.832543517647665,-81.99136625077122,-46.241581834132624,-21.386780082423225,-1.007892256594356,0.0,0.0,-14.322995164449924,0.0,0.0,0.0,0.0,0.0,0.0,0.0,0.0,0.0,0.0,0.0,0.0,0.0,0.0,0.0,0.0,0.0,0.0,0.0,0.0,0.0,0.0,0.0,0.0,0.0,0.0,0.0,0.0,0.0,0.0,0.0,0.0,0.0,0.0,0.0,0.0,0.0,0.0,0.0,0.0,0.0,0.0,0.0,0.0,0.0,0.0,0.0,0.0,0.0,0.0,0.0,0.0,0.0,0.0,0.0,0.0,0.0,0.0
CA1 OR LM,-15.236236049460368,0.0,-24.39416050556704,-28.230778461537447,0.0,0.0,0.0,0.0,-126.40005509582502,-25.13249759662644,-8.922902600358176,0.0,0.0,0.0,-30.662264322244315,0.0,-109.50933028725947,-129.4087541503159,-6.623678157544628,-21.644521916288262,0.0,-30.301282402128464,0.0,-0.5961143021861562,0.0,0.0,-5.931993557106948,0.0,0.0,0.0,0.0,0.0,0.0,0.0,0.0,0.0,0.0,0.0,0.0,0.0,0.0,0.0,0.0,0.0,0.0,0.0,0.0,0.0,0.0,0.0,0.0,0.0,0.0,0.0,0.0,0.0,0.0,0.0,0.0,0.0,0.0,0.0,0.0,0.0,0.0,0.0,0.0,0.0,0.0,0.0,0.0,0.0,0.0,0.0,0.0,0.0,0.0,0.0,0.0,0.0,0.0,0.0,0.0,0.0,0.0
CA1 Oriens Alveus,-22.622622368053893,-61.42474247500336,-57.68020616663935,-51.21761027173864,-32.87256080635627,-64.61293781601826,-130.68163403195305,-21.113730550814125,0.0,0.0,0.0,-11.805416979714042,-19.40447988141636,-16.97077594509375,0.0,-3.712511142888807,0.0,-137.8980520372441,-10.952037964241237,-33.11554724885432,0.0,-54.99528669936562,0.0,0.0,-10.726359439863035,-66.89123712983915,0.0,-255.6563879316011,0.0,0.0,0.0,0.0,-4.365767099118007,0.0,0.0,0.0,0.0,0.0,0.0,0.0,0.0,0.0,0.0,0.0,0.0,0.0,0.0,0.0,0.0,0.0,0.0,0.0,0.0,0.0,0.0,0.0,0.0,0.0,0.0,0.0,0.0,0.0,0.0,0.0,0.0,0.0,0.0,0.0,0.0,0.0,0.0,0.0,0.0,0.0,0.0,0.0,0.0,0.0,0.0,0.0,0.0,0.0,0.0,0.0,0.0
CA1 Oriens Bistratified,-10.649491312645038,-9.11774592824178,-30.851333132824955,-23.60397670902129,-15.449824632369598,-11.89283484750555,-29.58466701169005,-6.050526466027681,-47.5624455712388,0.0,0.0,-3.2443247505276265,-3.9811151921066825,-22.824434835097,-26.65970347015705,0.0,-47.69737301995119,-151.2738465363081,-6.6208212852424975,-19.36400280046839,-57.19183093894592,-24.368910370169875,-13.782995030620368,0.0,-3.867396373731584,-21.859625651809058,-5.365123858302302,-86.50504609022799,0.0,0.0,0.0,0.0,0.0,0.0,0.0,0.0,0.0,0.0,0.0,0.0,0.0,0.0,0.0,0.0,0.0,0.0,0.0,0.0,0.0,0.0,0.0,0.0,0.0,0.0,0.0,0.0,0.0,0.0,0.0,0.0,0.0,0.0,0.0,0.0,0.0,0.0,0.0,0.0,0.0,0.0,0.0,0.0,0.0,0.0,0.0,0.0,0.0,0.0,0.0,0.0,0.0,0.0,0.0,0.0,0.0
CA1 Perforant Path Associated,-45.89587259250515,0.0,-82.92991118933284,-85.50874083608561,0.0,0.0,0.0,0.0,-393.0028488398775,-87.15120413626512,-28.0899684038848,0.0,0.0,0.0,-94.48739475045576,0.0,0.0,-271.3804407552845,-19.914450783004348,-52.10269225121514,0.0,-69.04912590815361,0.0,-1.5741305738015243,0.0,0.0,-17.318202936507905,0.0,0.0,0.0,0.0,0.0,0.0,0.0,0.0,0.0,0.0,0.0,0.0,0.0,0.0,0.0,0.0,0.0,0.0,0.0,0.0,-43.26811545492321,-86.94235672817435,-27.671287435863785,-18.305547713199942,-43.701412127182,0.0,0.0,-9.66193824772566,-17.520443916769352,-6.61286046776776,0.0,-3.5658730726153816,-1.7067178638387568,-12.277602980945904,0.0,0.0,0.0,0.0,0.0,0.0,0.0,0.0,0.0,0.0,0.0,0.0,0.0,0.0,0.0,0.0,0.0,0.0,0.0,0.0,0.0,0.0,0.0,-1892.76192029925
CA1 Perforant Path Associated QuadD,-2.6517218361375487,0.0,-4.994478624601806,-4.977029574362767,0.0,0.0,0.0,0.0,-23.79874158073737,-4.933204958793988,-1.64457553572124,0.0,0.0,0.0,-5.711882401744707,0.0,-16.516903437729866,0.0,0.0,-3.108890549005932,0.0,-4.369541427503683,0.0,0.0,0.0,0.0,-1.0531341181583975,0.0,0.0,0.0,0.0,0.0,0.0,0.0,0.0,0.0,0.0,0.0,0.0,0.0,0.0,0.0,0.0,0.0,0.0,0.0,0.0,0.0,0.0,0.0,0.0,0.0,0.0,0.0,0.0,0.0,0.0,0.0,0.0,0.0,0.0,0.0,0.0,0.0,0.0,0.0,0.0,0.0,0.0,0.0,0.0,0.0,0.0,0.0,0.0,0.0,0.0,0.0,0.0,0.0,0.0,0.0,0.0,0.0,0.0
CA1 Pyramidal,3874.96157969986,13696.70368235844,7061.742021617824,6573.981002668468,6747.331037968798,11541.441606593928,17544.24204022055,3436.3554065077933,0.0,0.0,0.0,2791.715370688324,3039.925395207336,9137.956266662315,7579.454650844681,983.6110407395204,0.0,17183.209099730822,0.0,4107.506974122781,0.0,4368.194651198497,0.0,0.0,5621.75319973284,15427.927297516017,0.0,80625.28866776635,0.0,0.0,0.0,0.0,0.0,0.0,0.0,0.0,0.0,0.0,0.0,0.0,0.0,0.0,0.0,0.0,0.0,0.0,0.0,0.0,0.0,0.0,0.0,0.0,0.0,0.0,0.0,0.0,0.0,0.0,0.0,0.0,0.0,0.0,0.0,0.0,0.0,0.0,0.0,5659.759259805604,5382.001268082903,6927.87660371489,0.0,3004.906539138589,10569.009270094895,0.0,0.0,0.0,0.0,0.0,0.0,0.0,3851.18781666244,3424.360693274852,1316.2618620442718,13564.64480225756,4318.325857573143
CA1 Quadrilaminar,-0.7223541406843069,-0.5222140875123154,-1.674389895376262,-1.5781680058209215,-0.7741489634103046,-0.4067121746169216,-0.812019373096461,-0.4142318120365698,-4.387124721957374,-0.2804281610211008,-0.0870714435893947,-0.1045684972743786,-0.1436742754507156,-0.8039935831951974,-1.6847263334538,-0.023918497251201,-3.623415334872757,-7.708009044670928,-0.3817999172619877,0.0,-2.2977903269531232,-1.8887601303461377,-0.652361723806575,0.0,-0.1110119958629099,-0.636528398152396,-0.3471519311671753,-2.61601073916336,0.0,0.0,0.0,0.0,-0.0213012283627442,0.0,0.0,0.0,0.0,0.0,0.0,0.0,0.0,0.0,0.0,0.0,0.0,0.0,0.0,0.0,0.0,0.0,0.0,0.0,0.0,0.0,0.0,0.0,0.0,0.0,0.0,0.0,0.0,0.0,0.0,0.0,0.0,0.0,0.0,0.0,0.0,0.0,0.0,0.0,0.0,0.0,0.0,0.0,0.0,0.0,0.0,0.0,0.0,0.0,0.0,0.0,0.0
CA1 R Receiving Apical Targeting,-21.865141202408065,0.0,-48.9340204365824,-43.27015592870416,-14.89369934519654,0.0,0.0,-6.957135286183481,-213.6262003191554,-13.884602675626368,-4.16598169123736,0.0,0.0,-19.461238681539896,-52.10655215525868,0.0,-150.09396331252455,-180.66586104611068,-11.752374289314536,-30.16018942232684,0.0,-41.72554165040087,-22.08299135452449,-0.917137447683072,0.0,0.0,-11.651348539676563,0.0,0.0,0.0,0.0,0.0,0.0,0.0,0.0,0.0,0.0,0.0,0.0,0.0,0.0,0.0,0.0,0.0,0.0,0.0,0.0,0.0,0.0,0.0,0.0,0.0,0.0,0.0,0.0,0.0,0.0,0.0,0.0,0.0,0.0,0.0,0.0,0.0,0.0,0.0,0.0,0.0,0.0,0.0,0.0,0.0,0.0,0.0,0.0,0.0,0.0,0.0,0.0,0.0,0.0,0.0,0.0,0.0,0.0
CA1 Radial Trilaminar,-8.579621274741063,-13.337128025939451,-21.63176916032648,-18.90063061973212,-11.140045733854492,-11.998089540013025,-17.318101019305484,-6.774775429735279,-17.96591185389517,0.0,0.0,-2.9699697049129266,-4.811300530762524,-10.698068655824777,-19.744356225679784,-0.6772127040122536,-16.9673810229966,-77.98642206380183,-4.82070645374617,-12.838725560061151,-20.384439849592383,0.0,-5.094062061688444,-0.1243884455751974,-2.132008541451264,-12.696811574523354,-1.7861687499037648,-57.10356845456364,0.0,0.0,0.0,0.0,-0.7119392240528062,0.0,0.0,0.0,0.0,0.0,0.0,0.0,0.0,0.0,0.0,0.0,0.0,0.0,0.0,0.0,0.0,0.0,0.0,0.0,0.0,0.0,0.0,0.0,0.0,0.0,0.0,0.0,0.0,0.0,0.0,0.0,0.0,0.0,0.0,0.0,0.0,0.0,0.0,0.0,0.0,0.0,0.0,0.0,0.0,0.0,0.0,0.0,0.0,0.0,0.0,0.0,0.0
CA1 Radiatum,-3.534080014761913,0.0,-9.23041637679168,-7.5173547153071985,-4.806963262528116,0.0,0.0,-2.164497036330024,-32.915780636843145,0.0,0.0,0.0,0.0,-6.288727175068434,-8.589109356120822,0.0,-25.55065578056253,-43.19419655546018,-1.5554166805692362,-5.444323654091982,-24.86154061576033,-8.202831711989129,0.0,-0.1684445070576849,0.0,0.0,-2.4519625686060884,0.0,0.0,0.0,0.0,0.0,0.0,0.0,0.0,0.0,0.0,0.0,0.0,0.0,0.0,0.0,0.0,0.0,0.0,0.0,0.0,0.0,0.0,0.0,0.0,0.0,0.0,0.0,0.0,0.0,0.0,0.0,0.0,0.0,0.0,0.0,0.0,0.0,0.0,0.0,0.0,0.0,0.0,0.0,0.0,0.0,0.0,0.0,0.0,0.0,0.0,0.0,0.0,0.0,0.0,0.0,0.0,0.0,0.0
CA1 Radiatum Giant,77.7360129240257,202.1951282372171,117.03436679371862,105.19883623500309,79.87330814308716,145.50850978092677,184.5344608966314,48.65087289231039,0.0,0.0,0.0,47.70066517306199,56.73438507856846,145.83976052094405,85.40760640192835,12.07393346016203,0.0,201.9625714006364,52.52606827667822,47.692897951099646,0.0,49.006361411904656,0.0,0.0,85.2965412159959,246.16557638842173,0.0,1444.965738854787,0.0,0.0,0.0,0.0,0.0,0.0,0.0,0.0,0.0,0.0,0.0,0.0,0.0,0.0,0.0,0.0,0.0,0.0,0.0,0.0,0.0,0.0,0.0,0.0,0.0,0.0,0.0,0.0,0.0,0.0,0.0,0.0,0.0,0.0,0.0,0.0,0.0,0.0,0.0,0.0,0.0,0.0,0.0,0.0,0.0,0.0,0.0,0.0,0.0,0.0,0.0,0.0,0.0,0.0,0.0,0.0,0.0
CA1 Recurrent O LM,-10.119467086516972,-5.990753445507264,-21.67079363990957,-19.84001934421892,-2.8835534200230235,-10.951070908985423,-17.731423847376654,-1.6587393404805468,-62.13641304024752,-12.27088049033102,-4.148003431969153,-2.115808177859769,-3.482619302200278,-2.87526834717822,-23.143787784189072,-0.603374555385,-43.63001515038468,-63.88501705024196,-5.135934004930344,-13.148955416837603,0.0,-20.5947553216729,0.0,-0.2477308601104428,0.0,-10.009692869093898,-2.930160931549958,-40.28515632486576,0.0,0.0,0.0,0.0,0.0,0.0,0.0,0.0,0.0,0.0,0.0,0.0,0.0,0.0,0.0,0.0,0.0,0.0,0.0,0.0,0.0,0.0,0.0,0.0,0.0,0.0,0.0,0.0,0.0,0.0,0.0,0.0,0.0,0.0,0.0,0.0,0.0,0.0,0.0,0.0,0.0,0.0,0.0,0.0,0.0,0.0,0.0,0.0,0.0,0.0,0.0,0.0,0.0,0.0,0.0,0.0,0.0
CA1 SO SO,-18.47372385383599,-47.18301121148933,-44.32863556357072,-35.09460860141109,-22.211483181979307,-89.27562995627311,-106.19620108112154,-13.98087981496332,0.0,0.0,0.0,-16.717588544640112,-29.074086144805907,-22.66243588134674,-40.19727837848996,-4.913494215638727,0.0,-96.5199855932556,-10.06782244314976,-23.0947749335901,0.0,-37.45188352546954,0.0,0.0,-10.231559865935012,0.0,0.0,-289.19322251482055,0.0,0.0,0.0,0.0,0.0,0.0,0.0,0.0,0.0,0.0,0.0,0.0,0.0,0.0,0.0,0.0,0.0,0.0,0.0,0.0,0.0,0.0,0.0,0.0,0.0,0.0,0.0,0.0,0.0,0.0,0.0,0.0,0.0,0.0,0.0,0.0,0.0,0.0,0.0,0.0,0.0,0.0,0.0,0.0,0.0,0.0,0.0,0.0,0.0,0.0,0.0,0.0,0.0,0.0,0.0,0.0,0.0
CA1 Schaffer Collateral Associated,-91.48417716078622,-110.37910586357812,-224.264287929312,-189.1732185505506,-117.83201802284658,-54.15398553978245,-92.9279276407661,-72.5176549008722,-281.97550172104155,0.0,0.0,-14.828255763045927,-21.03696682347481,-90.608827023163,-207.27657980283715,-2.9656714229383687,-228.73927023547503,-809.5001785193163,-49.26603524689744,-129.08390821626426,-242.2689231921843,-211.17051587552007,-72.28608769492482,-1.7001575082869929,-12.933542947458774,-67.59832991786647,0.0,-304.52326183682845,0.0,0.0,0.0,0.0,-13.00182434421092,0.0,0.0,0.0,0.0,0.0,0.0,0.0,0.0,0.0,0.0,0.0,0.0,0.0,0.0,0.0,0.0,0.0,0.0,0.0,0.0,0.0,0.0,0.0,0.0,0.0,0.0,0.0,0.0,0.0,0.0,0.0,0.0,0.0,0.0,0.0,0.0,0.0,0.0,0.0,0.0,0.0,0.0,0.0,0.0,0.0,0.0,0.0,0.0,0.0,0.0,0.0,0.0
CA1 Trilaminar,-82.92259656700578,-130.60271807120725,-192.29485377979967,-174.5602141961945,-106.34405714707428,-97.17549377432796,-148.11244828295696,-66.68106543261841,-160.48546238076034,0.0,0.0,-14.85741748196608,-26.01213791573539,-53.96806626965176,-191.55370170468763,-5.292258172192145,-120.71704608059672,-607.6175480609322,-40.28641038226457,-113.03522092412076,-116.6662321029587,-194.8633186104657,-35.786502732119246,-0.8019219946830652,-10.806579254891808,-69.81932378610827,-13.03506536772504,0.0,0.0,0.0,0.0,0.0,-19.003032146720308,0.0,0.0,0.0,0.0,0.0,0.0,0.0,0.0,0.0,0.0,0.0,0.0,0.0,0.0,0.0,0.0,0.0,0.0,0.0,0.0,0.0,0.0,0.0,0.0,0.0,0.0,0.0,0.0,0.0,0.0,0.0,0.0,0.0,0.0,0.0,0.0,0.0,0.0,0.0,0.0,0.0,0.0,0.0,0.0,0.0,0.0,0.0,0.0,0.0,0.0,0.0,-17.991862466560985
CA2 Basket,0.0,0.0,0.0,0.0,0.0,0.0,0.0,0.0,0.0,0.0,0.0,0.0,0.0,0.0,0.0,0.0,0.0,0.0,0.0,0.0,0.0,0.0,0.0,0.0,0.0,0.0,0.0,0.0,0.0,-858.4160166178315,-67.88040898539492,-66.8404327944978,-290.3257066321017,0.0,0.0,0.0,0.0,0.0,0.0,0.0,0.0,0.0,0.0,0.0,0.0,0.0,0.0,0.0,0.0,0.0,0.0,0.0,0.0,0.0,0.0,0.0,0.0,0.0,0.0,0.0,0.0,0.0,0.0,0.0,0.0,0.0,0.0,0.0,0.0,0.0,0.0,0.0,0.0,0.0,0.0,0.0,0.0,0.0,0.0,0.0,0.0,0.0,0.0,0.0,0.0
CA2 Bistratified,-0.5218317719160458,-1.0590994089851185,-2.206532604040053,-1.804359606113174,-0.9343382131660528,-1.166816608805152,-5.110589167247606,-0.24833881286676,-1.0938655615413,0.0,0.0,-0.3106174992866363,-0.3475972748746431,-1.4926652321187404,-1.3363465266658012,-0.0856569429532407,-1.5660371402241913,-10.142377377203378,-0.3310733933335135,-1.3265330257897785,-2.465477073761781,-1.5513526848513712,-0.5099442717070195,-0.0134346583956807,-0.5089622339601372,-2.807954128189742,-0.2113458855850544,-10.218866195980455,-61.7957104663398,0.0,-8.912058406625157,-8.641709397806283,-35.73792498858606,0.0,0.0,0.0,0.0,0.0,0.0,0.0,0.0,0.0,0.0,0.0,0.0,0.0,0.0,0.0,0.0,0.0,0.0,0.0,0.0,0.0,0.0,0.0,0.0,0.0,0.0,0.0,0.0,0.0,0.0,0.0,0.0,0.0,0.0,0.0,0.0,0.0,0.0,0.0,0.0,0.0,0.0,0.0,0.0,0.0,0.0,0.0,0.0,0.0,0.0,0.0,0.0
CA2 Pyramidal,7159.1686028088525,9268.651902533784,16261.335277243674,9997.878836619664,6767.796150234705,6573.291363151145,7760.900843079982,3032.319511708757,17301.22519183053,0.0,0.0,3393.9627536734965,3463.2152859289367,32481.56918359376,9447.573245256512,511.097839403616,58899.24733616609,73540.69975173479,5532.563189259333,4971.485874204456,70362.44992308263,3940.665808486058,10665.348898948008,263.0645063940111,5338.129716687311,13538.025487380704,6373.41002787654,90298.35835968416,15840.857857426205,13722.2747802921,0.0,1733.4871470322385,6215.67275303853,7861.199255686899,13863.94691818209,2957.6843506505056,592.9863345985209,1237.2220823196033,401.9931719312679,7148.972717023759,4151.864003181872,8302.254189961015,3458.283785188837,1188.4585744965177,150.42125392013008,351.1978318712904,2212.266414990227,26855.18413993293,18257.859744977144,3760.191652094569,0.0,7551.636179925662,1701.5623140473656,4275.310492892701,2250.306876192298,3693.6653367363497,0.0,4836.413875657298,0.0,0.0,4467.223027545674,0.0,0.0,0.0,0.0,0.0,0.0,0.0,0.0,0.0,0.0,0.0,0.0,0.0,0.0,0.0,0.0,0.0,0.0,0.0,0.0,0.0,0.0,0.0,0.0
CA2 SP SR,0.0,0.0,0.0,0.0,0.0,0.0,0.0,0.0,0.0,0.0,0.0,0.0,0.0,0.0,0.0,0.0,0.0,0.0,0.0,0.0,0.0,0.0,0.0,0.0,0.0,0.0,0.0,0.0,-13.805956406852811,-36.15074672525396,-1.910838827728936,0.0,-6.960250120391056,0.0,0.0,0.0,0.0,0.0,0.0,0.0,0.0,0.0,0.0,0.0,0.0,0.0,0.0,0.0,0.0,0.0,0.0,0.0,0.0,0.0,0.0,0.0,0.0,0.0,0.0,0.0,0.0,0.0,0.0,0.0,0.0,0.0,0.0,0.0,0.0,0.0,0.0,0.0,0.0,0.0,0.0,0.0,0.0,0.0,0.0,0.0,0.0,0.0,0.0,0.0,0.0
CA2 Wide Arbor Basket,-422.6284678666892,0.0,-971.7007924875912,-840.2643693921808,-524.6485527681231,0.0,-1128.1415629051871,-350.3181993762556,0.0,0.0,0.0,0.0,0.0,-494.35979533382607,0.0,0.0,0.0,0.0,-197.19444480342665,0.0,0.0,-1072.476927327349,0.0,-17.65272462625515,0.0,0.0,0.0,0.0,-509.1925879443356,-943.758125290664,-73.3109571222536,-74.50239287631565,0.0,-521.1771700681137,-1132.945881689944,-578.7281860003933,0.0,0.0,0.0,0.0,0.0,-960.3702936309776,0.0,-131.08948633807424,0.0,0.0,-144.1952310989651,0.0,0.0,0.0,0.0,0.0,0.0,0.0,0.0,0.0,0.0,0.0,0.0,0.0,0.0,0.0,0.0,0.0,0.0,0.0,0.0,0.0,0.0,0.0,0.0,0.0,0.0,0.0,0.0,0.0,0.0,0.0,0.0,0.0,0.0,0.0,0.0,0.0,0.0
CA3 Axo Axonic,0.0,0.0,0.0,0.0,0.0,0.0,0.0,0.0,0.0,0.0,0.0,0.0,0.0,0.0,0.0,0.0,0.0,0.0,0.0,0.0,0.0,0.0,0.0,0.0,0.0,0.0,0.0,0.0,0.0,0.0,0.0,0.0,0.0,0.0,0.0,0.0,0.0,0.0,0.0,0.0,0.0,0.0,0.0,-0.6171111028168403,0.0,0.0,-0.6303526264759227,0.0,0.0,0.0,0.0,0.0,0.0,0.0,0.0,0.0,0.0,0.0,0.0,0.0,0.0,0.0,0.0,0.0,0.0,0.0,0.0,0.0,0.0,0.0,0.0,0.0,0.0,0.0,0.0,0.0,0.0,0.0,0.0,0.0,0.0,0.0,0.0,0.0,0.0
CA3 Basket,0.0,0.0,0.0,0.0,0.0,0.0,0.0,0.0,0.0,0.0,0.0,0.0,0.0,0.0,0.0,0.0,0.0,0.0,0.0,0.0,0.0,0.0,0.0,0.0,0.0,0.0,0.0,0.0,0.0,0.0,0.0,0.0,0.0,-610.1782909541363,0.0,-751.4316450105925,0.0,0.0,0.0,0.0,0.0,-1175.743529562829,0.0,-168.43993995017684,0.0,0.0,-211.13019919233795,0.0,0.0,0.0,0.0,0.0,0.0,0.0,0.0,0.0,0.0,0.0,0.0,0.0,0.0,0.0,0.0,0.0,0.0,0.0,0.0,0.0,0.0,0.0,0.0,0.0,0.0,0.0,0.0,0.0,0.0,0.0,0.0,0.0,0.0,0.0,0.0,0.0,0.0
CA3 Basket CCK+,0.0,0.0,0.0,0.0,0.0,0.0,0.0,0.0,0.0,0.0,0.0,0.0,0.0,0.0,0.0,0.0,0.0,0.0,0.0,0.0,0.0,0.0,0.0,0.0,0.0,0.0,0.0,0.0,0.0,0.0,0.0,0.0,0.0,-1661.9222655901915,-3610.667751497859,0.0,0.0,0.0,0.0,0.0,0.0,-2839.963253171692,0.0,-430.0917332357797,0.0,0.0,-433.6715861128751,0.0,0.0,0.0,0.0,0.0,0.0,0.0,0.0,0.0,0.0,0.0,0.0,0.0,0.0,0.0,0.0,0.0,0.0,0.0,0.0,0.0,0.0,0.0,0.0,0.0,0.0,0.0,0.0,0.0,0.0,0.0,0.0,0.0,0.0,0.0,0.0,0.0,0.0
CA3 Granule,0.0,0.0,0.0,0.0,0.0,0.0,0.0,0.0,0.0,0.0,0.0,0.0,0.0,0.0,0.0,0.0,0.0,0.0,0.0,0.0,0.0,0.0,0.0,0.0,0.0,0.0,0.0,0.0,0.0,0.0,0.0,0.0,0.0,7.96479331738352,8.750761472944552,1.8857465040092307,0.0,0.0,3.627204597634976,24.883456235184177,6.776376820996072,7.126801212520814,0.0,0.942018883295193,2.616611271827321,0.0,2.280811281935155,0.0,0.0,0.0,0.0,0.0,0.0,0.0,0.0,0.0,0.0,0.0,0.0,0.0,0.0,0.0,0.0,0.0,0.0,0.0,0.0,0.0,0.0,0.0,0.0,0.0,0.0,0.0,0.0,0.0,0.0,0.0,0.0,0.0,0.0,0.0,0.0,0.0,0.0
CA3 Horizontal Axo Axonic,0.0,0.0,0.0,0.0,0.0,0.0,0.0,0.0,0.0,0.0,0.0,0.0,0.0,0.0,0.0,0.0,0.0,0.0,0.0,0.0,0.0,0.0,0.0,0.0,0.0,0.0,0.0,0.0,0.0,0.0,0.0,0.0,0.0,0.0,0.0,0.0,0.0,0.0,0.0,0.0,0.0,0.0,0.0,-4.471599875701995,0.0,0.0,-5.156841276786839,0.0,0.0,0.0,0.0,0.0,0.0,0.0,0.0,0.0,0.0,0.0,0.0,0.0,0.0,0.0,0.0,0.0,0.0,0.0,0.0,0.0,0.0,0.0,0.0,0.0,0.0,0.0,0.0,0.0,0.0,0.0,0.0,0.0,0.0,0.0,0.0,0.0,0.0
CA3 LMR Targeting,0.0,0.0,0.0,0.0,0.0,0.0,0.0,0.0,0.0,0.0,0.0,0.0,0.0,0.0,0.0,0.0,0.0,0.0,0.0,0.0,0.0,0.0,0.0,0.0,0.0,0.0,0.0,0.0,0.0,0.0,0.0,0.0,0.0,-282.6086438983953,-722.4866737044521,-280.1129767232144,-210.82344077948773,0.0,0.0,-144.5061073502677,-45.25573687475408,-46.74853823294521,0.0,-77.90486561901449,0.0,0.0,-7.544584894619136,0.0,0.0,0.0,0.0,0.0,0.0,0.0,0.0,0.0,0.0,0.0,0.0,0.0,0.0,0.0,0.0,0.0,0.0,0.0,0.0,0.0,0.0,0.0,0.0,0.0,0.0,0.0,0.0,0.0,0.0,0.0,0.0,0.0,0.0,0.0,0.0,0.0,0.0
CA3 Lucidum ORAX,0.0,0.0,0.0,0.0,0.0,0.0,0.0,0.0,0.0,0.0,0.0,0.0,0.0,0.0,0.0,0.0,0.0,0.0,0.0,0.0,0.0,0.0,0.0,0.0,0.0,0.0,0.0,0.0,0.0,0.0,0.0,0.0,-0.0525255751229608,-0.5738442163676838,-1.2753031576130562,-0.3481100139561993,-0.0371802674153125,-0.2115782177412288,-0.1039843297350143,0.0,-0.6179936165133969,-1.0721529535647742,-0.5761181659408119,-0.1198739994768,-0.1339657520495668,-0.0383328868570152,-0.1496613767413248,0.0,0.0,0.0,0.0,0.0,0.0,0.0,0.0,0.0,0.0,0.0,0.0,0.0,0.0,0.0,0.0,0.0,0.0,0.0,0.0,0.0,0.0,0.0,0.0,0.0,0.0,0.0,0.0,0.0,0.0,0.0,0.0,0.0,0.0,0.0,0.0,0.0,0.0
CA3 Mossy Fiber Associated,0.0,0.0,0.0,0.0,0.0,0.0,0.0,0.0,0.0,0.0,0.0,0.0,0.0,0.0,0.0,0.0,0.0,0.0,0.0,0.0,0.0,0.0,0.0,0.0,0.0,0.0,0.0,0.0,0.0,0.0,0.0,0.0,-4.969193501104719,-27.066395863349804,-62.69604232784885,-21.10948693371598,-1.6813569754428404,0.0,-7.741885920738279,-78.00649839110359,0.0,-57.81794220222629,0.0,-6.172157095588575,-10.689732160934264,0.0,-7.305571533133388,-105.24400309330863,-71.20190041091703,-26.93622074648672,0.0,-69.9060845750247,-6.891454900171078,-20.99573857476098,-15.013477803983672,-37.72507169129948,0.0,-23.59656396859865,0.0,0.0,-37.12847960559308,0.0,0.0,0.0,0.0,0.0,0.0,0.0,0.0,0.0,0.0,0.0,0.0,0.0,0.0,0.0,0.0,0.0,0.0,0.0,0.0,0.0,0.0,0.0,0.0
CA3 Mossy Fiber Associated ORDEN,0.0,0.0,0.0,0.0,0.0,0.0,0.0,0.0,0.0,0.0,0.0,0.0,0.0,0.0,0.0,0.0,0.0,0.0,0.0,0.0,0.0,0.0,0.0,0.0,0.0,0.0,0.0,0.0,0.0,0.0,0.0,0.0,-1.5538329004174165,-10.09247841918225,-22.20441814479258,-6.001184317462812,0.0,0.0,-2.219649850250516,-17.53248200068869,-15.093677180420226,0.0,0.0,-1.7830641175200004,-4.781877433459415,0.0,-2.55488237446297,-4.506715963799279,-2.402926922666154,-0.8877799581349533,0.0,-2.4148321962305337,-0.3177821162153434,-0.8528699462908585,-0.7668799505692921,-1.708996141931837,0.0,-1.290786217179564,0.0,0.0,-1.4086243503262763,0.0,0.0,0.0,0.0,0.0,0.0,0.0,0.0,0.0,0.0,0.0,0.0,0.0,0.0,0.0,0.0,0.0,0.0,0.0,0.0,0.0,0.0,0.0,0.0
CA3 O LM,0.0,0.0,0.0,0.0,0.0,0.0,0.0,0.0,0.0,0.0,0.0,0.0,0.0,0.0,0.0,0.0,0.0,0.0,0.0,0.0,0.0,0.0,0.0,0.0,0.0,0.0,0.0,0.0,0.0,0.0,0.0,0.0,0.0,-333.0721548394777,-782.3590533842801,-303.2058606456646,-206.4614705626104,-60.98714379308363,-300.6736022548803,-128.8647277058631,-44.91687559510452,-111.93336547039074,0.0,-97.86667792859998,0.0,-10.375031045586232,-20.71380281925707,0.0,0.0,0.0,0.0,0.0,0.0,0.0,0.0,0.0,0.0,0.0,0.0,0.0,0.0,0.0,0.0,0.0,0.0,0.0,0.0,0.0,0.0,0.0,0.0,0.0,0.0,0.0,0.0,0.0,0.0,0.0,0.0,0.0,0.0,0.0,0.0,0.0,0.0
CA3 Pyramidal,12123.747652838503,163494.90567997436,38008.39650492406,19480.68949141701,12480.844017697664,111831.8672633914,119229.35749758656,3025.55661956506,13586.427324185684,0.0,0.0,48182.27438852156,45159.93626242219,63521.42074551523,19387.15107140628,8622.938328917056,45721.88919037005,197790.77628398308,11063.052901714414,10138.342555159694,55104.54984588407,6065.333013846976,8342.91639965376,303.66294985857763,67658.65296874168,180218.2123930897,5590.385362984531,1227402.8954207087,42818.37385190415,44817.8133452809,12467.302061608583,7576.83767723962,12886.407133130904,20360.53655663908,26609.14835620569,9432.022048326837,3063.7033025481774,7927.375641923004,2036.635017628416,29826.70196982501,11541.577405356868,25136.947520606773,15462.048370600378,0.0,0.0,1886.88066473166,6774.278639391325,0.0,0.0,0.0,0.0,0.0,0.0,0.0,0.0,0.0,0.0,0.0,0.0,0.0,0.0,0.0,0.0,0.0,0.0,0.0,0.0,0.0,0.0,0.0,0.0,0.0,0.0,0.0,0.0,0.0,0.0,0.0,0.0,0.0,0.0,0.0,0.0,0.0,0.0
CA3 Spiny Lucidum,0.0,0.0,0.0,0.0,0.0,0.0,0.0,0.0,0.0,0.0,-3.965814709944788,0.0,0.0,0.0,0.0,0.0,0.0,0.0,0.0,0.0,0.0,0.0,0.0,0.0,0.0,0.0,0.0,0.0,0.0,0.0,0.0,0.0,0.0,-14.069908549533633,-35.536752947733895,-13.051519438110194,-3.33632239172658,0.0,-4.916249141078587,-78.0443948553675,-20.18221227999496,-25.156160281953188,0.0,-3.007558833007965,0.0,0.0,-3.556231626529906,-39.32976036759124,-84.7472869881266,-27.224175813158045,-16.771796312378605,-37.53136837982744,0.0,-1.0877033560530789,-8.935472859931432,-15.864593991388285,-3.729564857474021,0.0,-1.657234394487059,-1.5955009063544543,-10.317106518568716,0.0,0.0,0.0,0.0,0.0,0.0,0.0,0.0,0.0,0.0,0.0,0.0,0.0,0.0,0.0,0.0,0.0,0.0,0.0,0.0,0.0,0.0,0.0,0.0
CA3 Trilaminar,-53.53836659791061,-109.90362883037952,-133.48290395307717,-124.75179793874123,-81.404502621738,-107.1870897816594,-190.2935167647516,-46.03223782466036,-65.88693728760198,0.0,0.0,-20.23423228247779,-33.37394105674402,-63.31505417009607,-129.50493279344676,-6.2006836160911325,-71.162419544497,-554.0088993235377,-28.152750677951808,-91.97480871741618,-91.89598561719264,-144.99970197689416,-25.11334792895544,-0.5739178789048319,-17.342174182086474,-101.86078203902544,-10.121035312751289,-429.0116268417959,0.0,0.0,0.0,0.0,-11.221684607949378,-120.59806888864291,-269.1578830202166,-94.7676924929368,-14.868328945092273,-61.47187896968008,-27.33928376645008,-291.84006757875693,-136.40457407583966,-276.85834323578854,-153.95372797336236,-26.278618688845736,-24.663260070013813,0.0,-30.4341465837024,0.0,0.0,0.0,0.0,0.0,0.0,0.0,0.0,0.0,0.0,0.0,0.0,0.0,0.0,0.0,0.0,0.0,0.0,0.0,0.0,0.0,0.0,0.0,0.0,0.0,0.0,0.0,0.0,0.0,0.0,0.0,0.0,0.0,0.0,0.0,0.0,0.0,0.0
CA3c Pyramidal,152496.3150045439,24419.861364669992,352530.5947364821,349003.96758023935,194432.8625157873,17812.204512643828,17660.686830129318,80694.1232836584,343043.32011398184,0.0,0.0,6939.860346612322,7743.222931340349,357152.3477045786,271000.24328017404,1474.217628506742,773727.8935474688,946052.1472884584,85609.60976338176,142847.75302391537,524858.3738225021,138230.2899926536,146319.88611931622,4064.510468839344,8931.36795767509,25658.205172837872,91022.66866449673,165876.86538895397,98675.24876975412,96089.30935858694,24424.53581944845,17336.697291204084,35550.869791810896,2239.083445413781,2915.997606750413,715.8102548996459,376.32060309984416,1295.7623441389917,282.84957352592227,3865.0383978400528,1030.1656012476628,2468.187766148625,2843.54326437316,382.3961213101277,0.0,415.4058964621792,0.0,27045.00772823565,38923.76492106363,8843.436287729754,7159.489110348726,17635.07453713618,317.71454604696333,5252.700277744859,4595.549003214172,8104.509712843542,0.0,968.4094182875258,0.0,350.2833916824777,5364.510653883269,0.0,0.0,0.0,0.0,0.0,0.0,0.0,0.0,0.0,0.0,0.0,0.0,0.0,0.0,0.0,0.0,0.0,0.0,0.0,0.0,0.0,0.0,0.0,1119.4402227874016
DG AIPRIM,0.0,0.0,0.0,0.0,0.0,0.0,0.0,0.0,0.0,0.0,0.0,0.0,0.0,0.0,0.0,0.0,0.0,0.0,0.0,0.0,0.0,0.0,0.0,0.0,0.0,0.0,0.0,0.0,0.0,0.0,0.0,0.0,0.0,0.0,0.0,0.0,0.0,0.0,0.0,0.0,0.0,0.0,0.0,0.0,0.0,0.0,0.0,0.0,-2091.281900299923,-814.9613267525268,-232.01831894905385,-2095.507600796262,-60.80971882736679,-684.0365710827739,-316.23318842292275,-904.9590590929682,0.0,-240.68745091666068,0.0,-16.92897800967624,-673.1003302638511,0.0,0.0,0.0,0.0,0.0,0.0,0.0,0.0,0.0,0.0,0.0,0.0,0.0,0.0,0.0,0.0,0.0,0.0,0.0,0.0,0.0,0.0,0.0,0.0
DG Axo Axonic,0.0,0.0,0.0,0.0,0.0,0.0,0.0,0.0,0.0,0.0,0.0,0.0,0.0,0.0,0.0,0.0,0.0,0.0,0.0,0.0,0.0,0.0,0.0,0.0,0.0,0.0,0.0,0.0,0.0,0.0,0.0,0.0,0.0,0.0,0.0,0.0,0.0,0.0,0.0,0.0,0.0,0.0,0.0,0.0,0.0,0.0,0.0,0.0,0.0,0.0,-12.958443932802194,0.0,0.0,0.0,-7.092358786055475,0.0,0.0,-8.921455612886573,0.0,0.0,0.0,0.0,0.0,0.0,0.0,0.0,0.0,0.0,0.0,0.0,0.0,0.0,0.0,0.0,0.0,0.0,0.0,0.0,0.0,0.0,0.0,0.0,0.0,0.0,0.0
DG Basket,0.0,0.0,0.0,0.0,0.0,0.0,0.0,0.0,0.0,0.0,0.0,0.0,0.0,0.0,0.0,0.0,0.0,0.0,0.0,0.0,0.0,0.0,0.0,0.0,0.0,0.0,0.0,0.0,0.0,0.0,0.0,0.0,0.0,0.0,0.0,0.0,0.0,0.0,0.0,0.0,0.0,0.0,0.0,0.0,0.0,0.0,0.0,0.0,-783.9151475012219,0.0,-237.32018157646093,-880.5650915808724,-52.29075585978193,0.0,0.0,-371.4702751004077,0.0,0.0,0.0,0.0,-403.2172190261984,0.0,0.0,0.0,0.0,0.0,0.0,0.0,0.0,0.0,0.0,0.0,0.0,0.0,0.0,0.0,0.0,0.0,0.0,0.0,0.0,0.0,0.0,0.0,0.0
DG Granule,0.0,0.0,0.0,0.0,0.0,0.0,0.0,0.0,0.0,0.0,0.0,0.0,0.0,0.0,0.0,0.0,0.0,0.0,0.0,0.0,0.0,0.0,0.0,0.0,0.0,0.0,0.0,0.0,45861.22691942544,22415.841894656765,3360.733225493062,0.0,15015.578771168455,9784.00954172353,10812.19538353532,1530.7410797556458,0.0,0.0,2164.8432392343293,9388.29053519106,16762.962040262293,7078.544563306722,0.0,234.86430763410192,1909.2683929031025,0.0,1802.511478373572,224249.4636796229,191791.9711217032,34839.49596572401,0.0,89841.7418227616,14156.9268743551,32190.630761502,25114.71428869603,46662.119453326166,0.0,44908.709978571016,0.0,0.0,44715.245336109205,0.0,0.0,0.0,0.0,0.0,0.0,0.0,0.0,0.0,0.0,0.0,0.0,0.0,0.0,0.0,0.0,0.0,0.0,0.0,0.0,0.0,0.0,0.0,0.0
DG HICAP,0.0,0.0,0.0,0.0,0.0,0.0,0.0,0.0,0.0,0.0,0.0,0.0,0.0,0.0,0.0,0.0,0.0,0.0,0.0,0.0,0.0,0.0,0.0,0.0,0.0,0.0,0.0,0.0,0.0,0.0,0.0,0.0,0.0,0.0,0.0,0.0,0.0,0.0,0.0,0.0,0.0,0.0,0.0,0.0,0.0,0.0,0.0,-17.677784161770468,-18.225255318439626,-6.844796078289349,-5.621601247785361,0.0,0.0,-6.33310474477516,-3.117431826939397,-11.718582603134486,0.0,0.0,0.0,-0.4130703493716663,-6.41824286398119,0.0,0.0,0.0,0.0,0.0,0.0,0.0,0.0,0.0,0.0,0.0,0.0,0.0,0.0,0.0,0.0,0.0,0.0,0.0,0.0,0.0,0.0,0.0,0.0
DG HIPP,0.0,0.0,0.0,0.0,0.0,0.0,0.0,0.0,0.0,0.0,-124.9475314584498,0.0,0.0,0.0,0.0,0.0,0.0,0.0,0.0,0.0,0.0,0.0,0.0,0.0,0.0,0.0,0.0,0.0,0.0,0.0,0.0,0.0,0.0,0.0,0.0,0.0,0.0,0.0,0.0,0.0,0.0,0.0,0.0,0.0,0.0,0.0,0.0,-561.3452951927815,-865.9739114301533,-301.039627987728,-201.7260684031928,-554.4265999454675,0.0,0.0,-103.2791705842655,-233.8114786730144,-73.1183109029125,0.0,-46.16423658987942,-17.731252839672024,-179.7469778004936,0.0,0.0,0.0,0.0,0.0,0.0,0.0,0.0,0.0,0.0,0.0,0.0,0.0,0.0,0.0,0.0,0.0,0.0,0.0,0.0,0.0,0.0,0.0,0.0
DG HIPROM,0.0,0.0,0.0,0.0,0.0,0.0,0.0,0.0,0.0,0.0,-0.0818954659312467,0.0,0.0,0.0,0.0,0.0,0.0,0.0,0.0,0.0,0.0,0.0,0.0,0.0,0.0,0.0,0.0,0.0,0.0,0.0,0.0,0.0,-0.0466328388467819,-0.5484182806344825,-1.093259959164173,-0.3017661941015643,-0.0134130616441949,-0.1866092626552061,-0.0957320853839481,-0.8102901757612149,-0.542959672283536,-0.9711340799544252,-0.544261380393091,-0.1039289953952249,-0.1722430317531223,-0.0360027903070617,-0.1338757358450406,-4.11113514293856,-3.2830905256769767,-1.251751119313363,-0.3212418297748023,-3.12743007929641,-0.0847951237922342,0.0,-0.4400246043975599,-1.2476849236611838,-0.04903436665776,-0.3152316904291632,-0.0304122667112992,-0.0284064865094534,-0.966817413197539,0.0,0.0,0.0,0.0,0.0,0.0,0.0,0.0,0.0,0.0,0.0,0.0,0.0,0.0,0.0,0.0,0.0,0.0,0.0,0.0,0.0,0.0,0.0,0.0
DG Hilar Ectopic Granule,0.0,0.0,0.0,0.0,0.0,0.0,0.0,0.0,0.0,0.0,0.0,0.0,0.0,0.0,0.0,0.0,0.0,0.0,0.0,0.0,0.0,0.0,0.0,0.0,0.0,0.0,0.0,0.0,0.0,0.0,0.0,0.0,0.0,0.6892270915675144,0.8814443421407223,0.0850605044587634,0.0,0.0,0.0472472005824232,1.48023968801693,0.1922478968836494,0.3841966744292319,0.0,0.0133035385226386,0.1877364599096777,0.0,0.0550567880071112,8.067746480781004,5.604142250402146,1.276258461800868,0.0,2.803021064108734,0.523036265859315,1.1727449931609049,0.0,1.567621237494078,0.0,1.6138578915994803,0.0,0.0,1.4983557751436258,0.0,0.0,0.0,0.0,0.0,0.0,0.0,0.0,0.0,0.0,0.0,0.0,0.0,0.0,0.0,0.0,0.0,0.0,0.0,0.0,0.0,0.0,0.0,0.0
DG MOLAX,0.0,0.0,0.0,0.0,0.0,0.0,0.0,0.0,0.0,0.0,-43.54691807831977,0.0,0.0,0.0,0.0,0.0,0.0,0.0,0.0,0.0,0.0,0.0,0.0,0.0,0.0,0.0,0.0,0.0,0.0,0.0,0.0,0.0,0.0,0.0,0.0,0.0,0.0,0.0,0.0,0.0,0.0,0.0,0.0,0.0,0.0,0.0,0.0,-474.9538748387004,-550.8667669744976,-193.54160983030133,-153.96422823142706,-472.0979319834816,0.0,-52.91017281444062,-85.19301834868867,0.0,-24.94555165611873,0.0,-15.903708233751193,-12.693155771027572,-148.4686250349158,0.0,0.0,0.0,0.0,0.0,0.0,0.0,0.0,0.0,0.0,0.0,0.0,0.0,0.0,0.0,0.0,0.0,0.0,0.0,0.0,0.0,0.0,0.0,0.0
DG MOPP,0.0,0.0,0.0,0.0,0.0,0.0,0.0,0.0,0.0,0.0,-4.224995648046932,0.0,0.0,0.0,0.0,0.0,0.0,0.0,0.0,0.0,0.0,0.0,0.0,0.0,0.0,0.0,0.0,0.0,0.0,0.0,0.0,0.0,0.0,0.0,0.0,0.0,0.0,0.0,0.0,0.0,0.0,0.0,0.0,0.0,0.0,0.0,0.0,-19.148379599576604,-23.732596774123813,-8.202607806362858,-6.302885003871071,-17.469049389727733,0.0,0.0,-3.368369213994037,-8.866030840626395,0.0,0.0,-1.4218588153156804,-0.5216810589918,-6.72459370326198,0.0,0.0,0.0,0.0,0.0,0.0,0.0,0.0,0.0,0.0,0.0,0.0,0.0,0.0,0.0,0.0,0.0,0.0,0.0,0.0,0.0,0.0,0.0,0.0
DG Mossy,0.0,0.0,0.0,0.0,0.0,0.0,0.0,0.0,0.0,0.0,0.0,0.0,0.0,0.0,0.0,0.0,0.0,0.0,0.0,0.0,0.0,0.0,0.0,0.0,0.0,0.0,0.0,0.0,0.0,0.0,0.0,0.0,0.0,0.0,0.0,0.0,0.0,0.0,0.0,0.0,0.0,0.0,0.0,0.0,0.0,0.0,0.0,15833.66734308341,17690.93784711118,4083.684523286925,968.2502990077752,8111.670774538589,613.0234907771255,2636.2598038433093,2119.754290320353,4049.26859400448,0.0,0.0,0.0,50.6486718617241,3625.543103188329,0.0,0.0,0.0,0.0,0.0,0.0,0.0,0.0,0.0,0.0,0.0,0.0,0.0,0.0,0.0,0.0,0.0,0.0,0.0,0.0,0.0,0.0,0.0,0.0
DG Neurogliaform,0.0,0.0,0.0,0.0,0.0,0.0,0.0,0.0,0.0,0.0,-0.734954219315341,0.0,0.0,0.0,0.0,0.0,0.0,0.0,0.0,0.0,0.0,0.0,0.0,0.0,0.0,0.0,0.0,0.0,0.0,0.0,0.0,0.0,0.0,0.0,0.0,0.0,0.0,0.0,0.0,0.0,0.0,0.0,0.0,0.0,0.0,0.0,0.0,-4.122823507348133,-10.692181909166488,-1.749668648697399,-2.173783056897071,-3.908048749819911,0.0,0.0,-1.4087490242832723,-3.152331419539088,-0.1749959834214557,0.0,0.0,-0.2097004641592638,-1.1669772533530407,0.0,0.0,0.0,0.0,0.0,0.0,0.0,0.0,0.0,0.0,0.0,0.0,0.0,0.0,0.0,0.0,0.0,0.0,0.0,0.0,0.0,0.0,0.0,-6.124981674087877
DG Semilunar Granule,0.0,0.0,0.0,0.0,0.0,0.0,0.0,0.0,0.0,0.0,0.0,0.0,0.0,0.0,0.0,0.0,0.0,0.0,0.0,0.0,0.0,0.0,0.0,0.0,0.0,0.0,0.0,0.0,0.0,0.0,0.0,0.0,0.0,1190.0542807206868,1037.339267881168,171.9902522266372,0.0,0.0,229.8546315699677,3653.271516152799,609.2590300449657,687.4220516208517,0.0,64.21877861632397,462.5715872249977,0.0,197.66611097545177,43893.26280770539,34666.62485819252,8286.217004196167,488.2288969219253,21051.84914301629,1587.9153549598807,7841.748198178194,4588.842439594102,8783.274503438308,0.0,5155.105798787127,0.0,0.0,5129.358075965296,0.0,0.0,0.0,0.0,0.0,0.0,0.0,0.0,0.0,0.0,0.0,0.0,0.0,0.0,0.0,0.0,0.0,0.0,0.0,0.0,0.0,0.0,0.0,0.0
DG Total Molecular Layer,0.0,0.0,0.0,0.0,0.0,0.0,0.0,0.0,0.0,0.0,-48.455223978476816,0.0,0.0,0.0,0.0,0.0,0.0,0.0,0.0,0.0,0.0,0.0,0.0,0.0,0.0,0.0,0.0,0.0,0.0,0.0,0.0,0.0,0.0,0.0,0.0,0.0,0.0,0.0,0.0,0.0,0.0,0.0,0.0,0.0,0.0,0.0,0.0,-1167.0158288696118,-946.5665250092304,-324.88467420225913,-182.4684464428269,-919.3189731877928,-32.68454175120519,-205.9076686686365,-216.1925467768688,-554.467384930797,-24.5805791434728,-145.80739289118293,-16.673982578219405,-15.67858048369662,0.0,0.0,0.0,0.0,0.0,0.0,0.0,0.0,0.0,0.0,0.0,0.0,0.0,0.0,0.0,0.0,0.0,0.0,0.0,0.0,0.0,0.0,0.0,0.0,0.0
EC LI II Multipolar Pyramidal,0.0,0.0,0.0,0.0,0.0,0.0,0.0,0.0,0.0,0.0,0.0,0.0,0.0,0.0,0.0,0.0,0.0,0.0,0.0,0.0,0.0,0.0,0.0,0.0,0.0,0.0,0.0,0.0,0.0,0.0,0.0,0.0,0.0,0.0,0.0,0.0,0.0,0.0,0.0,0.0,0.0,0.0,0.0,0.0,0.0,0.0,0.0,0.0,0.0,0.0,0.0,0.0,0.0,0.0,0.0,0.0,0.0,0.0,0.0,0.0,0.0,0.0,2685.199892837623,28854.49238765121,24063.94192432837,18633.40329894681,29349.85984134182,6342.237378644648,0.0,2817.227604211794,17153.888049247696,9033.652786408917,0.0,21388.04746977641,16023.203768902797,24134.5300159425,30698.001365671505,13875.828485835094,408147.1428877316,27888.797815518334,0.0,2330.70790758652,1237.9281482028966,0.0,0.0
EC LI II Pyramidal Fan,0.0,0.0,0.0,0.0,0.0,0.0,0.0,0.0,0.0,0.0,764.5540503966188,0.0,0.0,0.0,0.0,0.0,0.0,0.0,0.0,0.0,0.0,0.0,0.0,0.0,0.0,0.0,0.0,0.0,0.0,0.0,0.0,0.0,0.0,0.0,0.0,0.0,0.0,0.0,0.0,0.0,0.0,0.0,0.0,0.0,0.0,0.0,0.0,9151.638747460996,63993.64273510148,9160.852150622562,6731.854220776941,7198.115985087493,0.0,0.0,2338.0641895595686,2066.8890197079054,1500.9148556433363,0.0,509.2126286221898,580.9097213417157,1313.8256392763751,7472.437106847604,0.0,2133.663497412967,1657.9926157766406,1904.8043400508457,2959.488332103365,685.3833295401618,0.0,426.2149282942818,1704.5371540697847,1013.3603797170751,0.0,2164.0184874065267,2398.327204041387,4889.474401375084,2053.916011230272,3029.1334003804022,44010.40823957247,2844.499601354932,0.0,688.9052098564124,389.0107918291259,0.0,687.3512535869128
EC LII III Pyramidal Tripolar,0.0,0.0,0.0,0.0,0.0,0.0,0.0,0.0,0.0,0.0,318.0551929557946,0.0,0.0,0.0,0.0,0.0,0.0,0.0,0.0,0.0,0.0,0.0,0.0,0.0,0.0,0.0,0.0,0.0,0.0,0.0,0.0,0.0,0.0,0.0,0.0,0.0,0.0,0.0,0.0,0.0,0.0,0.0,0.0,0.0,0.0,0.0,0.0,3778.840998681755,26617.55057068128,3809.1850363378007,2807.534322760256,2990.1446533089147,0.0,0.0,958.451675236712,860.4693026261733,620.5755624968898,0.0,209.80806986702487,236.3870433024337,546.6716764298945,4216.395703649579,372.0363013112631,0.0,1661.9274787853765,1645.5753097666966,2760.010200610732,635.0999918117437,0.0,402.69113718335626,1473.3354903489894,618.570176482825,0.0,1991.8124765410728,1831.767241236225,3189.046054691212,1362.2531513924373,2488.1460458320303,34951.71066668793,2466.319022215889,0.0,470.4055175072192,438.2727778018677,0.0,436.50277366050136
EC LIII Pyramidal,1082.1147055941583,0.0,820.3720180263381,1697.5594145400348,0.0,0.0,0.0,0.0,2054.2788888003256,2236.4208159569107,219.96510262652936,0.0,0.0,0.0,1184.133218514697,0.0,4323.962922313244,3452.978570853893,399.8181948870682,542.7166345839955,0.0,361.2188813424776,0.0,18.928721623651768,0.0,0.0,227.4002893766032,0.0,0.0,0.0,0.0,0.0,0.0,0.0,0.0,0.0,0.0,0.0,0.0,0.0,0.0,0.0,0.0,0.0,0.0,0.0,0.0,0.0,0.0,0.0,0.0,0.0,0.0,0.0,0.0,0.0,0.0,0.0,0.0,0.0,0.0,0.0,0.0,18.60625677457176,0.0,55.30606722486277,16.121135143574193,34.402964559753684,43.40492582775664,31.48238204973288,57.24674772751966,83.48941938449421,45.56452135903709,17.53379191328466,0.0,0.0,30.24567741971778,95.38401512691595,496.4579948605953,10.773751416706329,29.037320767769923,12.760099858249111,17.56277497888917,47.90087642269345,28.96152097793103
EC LIII Pyramidal Stellate,14513.822865445269,0.0,11083.84667560321,22851.847964781304,0.0,0.0,0.0,0.0,27535.291632273314,30016.644753149405,2946.129841320692,0.0,0.0,0.0,15952.937417697553,0.0,58070.33631096913,46367.99299902773,5351.494110639728,7290.687762963591,0.0,4860.479048130247,0.0,253.3952668500652,0.0,0.0,3081.442928465794,0.0,0.0,0.0,0.0,0.0,0.0,0.0,0.0,0.0,0.0,0.0,0.0,0.0,0.0,0.0,0.0,0.0,0.0,0.0,0.0,0.0,0.0,0.0,0.0,0.0,0.0,0.0,0.0,0.0,0.0,0.0,0.0,0.0,0.0,0.0,0.0,254.6407583376596,241.99019548048847,0.0,224.7017486044421,64.26247682525823,0.0,0.0,205.36992313739768,400.0823418406856,0.0,241.6045148791969,0.0,0.0,418.9168875087689,647.4324185181202,6846.14497452735,149.54872867130987,0.0,0.0,47.32597882351431,0.0,389.79456390732304
EC LIII Stellate,0.0,0.0,0.0,0.0,0.0,0.0,0.0,0.0,0.0,0.0,0.0,0.0,0.0,0.0,0.0,0.0,0.0,0.0,0.0,0.0,0.0,0.0,0.0,0.0,0.0,0.0,0.0,0.0,0.0,0.0,0.0,0.0,0.0,0.0,0.0,0.0,0.0,0.0,0.0,0.0,0.0,0.0,0.0,0.0,0.0,0.0,0.0,0.0,0.0,0.0,0.0,0.0,0.0,0.0,0.0,0.0,0.0,0.0,0.0,0.0,0.0,0.0,0.0,69.81600034271409,65.42000887199006,91.4501088515022,0.0,17.203193101718238,0.0,0.0,54.00019845163271,102.75543273270038,0.0,64.21168926195364,0.0,0.0,110.49107949247347,165.81222907217855,1777.6295095180742,43.32633528008472,0.0,0.0,12.798715312294323,0.0,0.0
EC LIII V Bipolar Pyramidal,0.0,0.0,0.0,0.0,0.0,0.0,0.0,0.0,0.0,0.0,0.0,0.0,0.0,0.0,0.0,0.0,0.0,0.0,0.0,0.0,0.0,0.0,0.0,0.0,0.0,0.0,0.0,0.0,0.0,0.0,0.0,0.0,0.0,0.0,0.0,0.0,0.0,0.0,0.0,0.0,0.0,0.0,0.0,0.0,0.0,0.0,0.0,0.0,0.0,0.0,0.0,0.0,0.0,0.0,0.0,0.0,0.0,0.0,0.0,0.0,0.0,0.0,0.0,340.43569682470206,304.9686783779771,601.3553812101552,338.62065230287004,0.0,511.5294987890816,430.7344261554038,578.5387259197909,1092.637693563088,689.2334744065386,296.4189780032186,0.0,0.0,498.6740977178184,1055.6037252397975,6364.941053528994,279.2154674338043,357.100892631283,226.0217597456127,384.0111387577682,927.9060870741498,0.0
EC LIV VI Deep Multipolar Principal,0.0,0.0,0.0,0.0,0.0,0.0,0.0,0.0,0.0,0.0,0.0,0.0,0.0,0.0,0.0,0.0,0.0,0.0,0.0,0.0,0.0,0.0,0.0,0.0,0.0,0.0,0.0,0.0,0.0,0.0,0.0,0.0,0.0,0.0,0.0,0.0,0.0,0.0,0.0,0.0,0.0,0.0,0.0,0.0,0.0,0.0,0.0,0.0,0.0,0.0,0.0,0.0,0.0,0.0,0.0,0.0,0.0,0.0,0.0,0.0,0.0,0.0,0.0,0.0,0.0,1011.5457136863564,0.0,1041.5860657419018,0.0,1320.4568545606207,1319.060493589653,1887.6870292903488,2246.3636143897743,0.0,0.0,0.0,0.0,1427.516326568439,0.0,0.0,1174.282004366153,479.0772940932867,661.0676619796182,2582.023382309931,1100.6348653392354
EC LV Deep Pyramidal,0.0,0.0,0.0,0.0,0.0,0.0,0.0,0.0,0.0,0.0,0.0,0.0,0.0,0.0,0.0,0.0,0.0,0.0,0.0,0.0,0.0,0.0,0.0,0.0,0.0,0.0,0.0,0.0,0.0,0.0,0.0,0.0,0.0,0.0,0.0,0.0,0.0,0.0,0.0,0.0,0.0,0.0,0.0,0.0,0.0,0.0,0.0,0.0,0.0,0.0,0.0,0.0,0.0,0.0,0.0,0.0,0.0,0.0,0.0,0.0,0.0,0.0,0.0,0.0,0.0,0.0,0.0,180.4005489546849,326.6081416722669,0.0,0.0,197.50243107708988,608.8907703194651,0.0,0.0,0.0,0.0,0.0,0.0,0.0,169.029345615202,172.39609835538727,71.48087991739837,633.5577406795122,0.0
LEC LIII Complex Pyramidal,0.0,0.0,0.0,0.0,0.0,0.0,0.0,0.0,0.0,0.0,0.0,0.0,0.0,0.0,0.0,0.0,0.0,0.0,0.0,0.0,0.0,0.0,0.0,0.0,0.0,0.0,0.0,0.0,0.0,0.0,0.0,0.0,0.0,0.0,0.0,0.0,0.0,0.0,0.0,0.0,0.0,0.0,0.0,0.0,0.0,0.0,0.0,0.0,0.0,0.0,0.0,0.0,0.0,0.0,0.0,0.0,0.0,0.0,0.0,0.0,0.0,244.61587010227,23.12767624896576,366.36278097895246,304.8668842320541,538.1000722266449,422.07977447495017,324.0973058650725,182.03338687850896,185.8316194118165,0.0,814.9191961799069,61.890324535095615,0.0,0.0,0.0,0.0,0.0,0.0,0.0,0.0,0.0,0.0,0.0,0.0
LEC LIII Multipolar Principal,0.0,0.0,0.0,0.0,0.0,0.0,0.0,0.0,0.0,0.0,0.0,0.0,0.0,0.0,0.0,0.0,0.0,0.0,0.0,0.0,0.0,0.0,0.0,0.0,0.0,0.0,0.0,0.0,0.0,0.0,0.0,0.0,0.0,0.0,0.0,0.0,0.0,0.0,0.0,0.0,0.0,0.0,0.0,0.0,0.0,0.0,0.0,0.0,0.0,0.0,0.0,0.0,0.0,0.0,0.0,0.0,0.0,0.0,0.0,0.0,0.0,539.4518276519966,31.881195215923217,312.6527957360244,254.50402850154305,406.0536249631236,407.20715251546153,209.4703326398128,96.3545991892074,121.9945483827234,556.0635991085179,0.0,32.632235210229126,0.0,0.0,0.0,0.0,0.0,0.0,0.0,0.0,0.0,0.0,0.0,0.0
LEC LVI Multipolar Pyramidal,0.0,0.0,0.0,0.0,0.0,0.0,0.0,0.0,0.0,0.0,0.0,0.0,0.0,0.0,0.0,0.0,0.0,0.0,0.0,0.0,0.0,0.0,0.0,0.0,0.0,0.0,0.0,0.0,0.0,0.0,0.0,0.0,0.0,0.0,0.0,0.0,0.0,0.0,0.0,0.0,0.0,0.0,0.0,0.0,0.0,0.0,0.0,0.0,0.0,0.0,0.0,0.0,0.0,0.0,0.0,0.0,0.0,0.0,0.0,0.0,0.0,0.0,0.0,48.98798814646632,46.10204179653461,138.9942025493572,43.43981399803702,101.04977810289805,137.99321248288945,111.3648716437705,175.93242994355498,304.0317537911717,0.0,0.0,0.0,0.0,0.0,0.0,0.0,0.0,0.0,0.0,0.0,0.0,0.0
MEC LII III Pyramidal Multiform,0.0,0.0,0.0,0.0,0.0,0.0,0.0,0.0,0.0,0.0,0.0,0.0,0.0,0.0,0.0,0.0,0.0,0.0,0.0,0.0,0.0,0.0,0.0,0.0,0.0,0.0,0.0,0.0,0.0,0.0,0.0,0.0,0.0,0.0,0.0,0.0,0.0,0.0,0.0,0.0,0.0,0.0,0.0,0.0,0.0,0.0,0.0,0.0,0.0,0.0,0.0,0.0,0.0,0.0,0.0,0.0,0.0,0.0,0.0,0.0,0.0,103.82452256660702,8.912193003488317,101.0588892270336,85.25039015320776,175.15826890796524,129.02263388267292,143.0745024145248,131.02159104900656,132.4241310187943,0.0,0.0,0.0,0.0,180.20032398337835,308.0929075038045,482.7749536321309,1284.918689522972,6766.355290701629,303.6801070675597,750.744376370936,548.8069668104904,589.7870748828476,1304.0113874450217,0.0
MEC LII Oblique Pyramidal,0.0,0.0,0.0,0.0,0.0,0.0,0.0,0.0,0.0,0.0,0.0,0.0,0.0,0.0,0.0,0.0,0.0,0.0,0.0,0.0,0.0,0.0,0.0,0.0,0.0,0.0,0.0,0.0,0.0,0.0,0.0,0.0,0.0,0.0,0.0,0.0,0.0,0.0,0.0,0.0,0.0,0.0,0.0,0.0,0.0,0.0,0.0,0.0,0.0,0.0,0.0,0.0,0.0,0.0,0.0,0.0,0.0,0.0,0.0,0.0,0.0,0.0,0.0,11.97337518907701,11.986703742041488,43.86731164829159,10.32561677726892,12.284976246784383,8.634159026076013,0.0,0.0,0.0,0.0,34.28337354833483,0.0,0.0,57.5389943157286,455.4398944649327,849.0872604389344,29.04535198819716,64.19606531679433,0.0,73.63513359542591,0.0,0.0
MEC LII Stellate,0.0,0.0,0.0,0.0,0.0,0.0,0.0,0.0,0.0,0.0,84.91915935284536,0.0,0.0,0.0,0.0,0.0,0.0,0.0,0.0,0.0,0.0,0.0,0.0,0.0,0.0,0.0,0.0,0.0,14056.57040995257,0.0,6045.530483170607,0.0,6779.313278865657,14953.26880542341,23789.545893236005,5518.418064222961,19640.6765649223,0.0,9977.247403136664,0.0,0.0,0.0,0.0,3923.6590067203424,0.0,0.0,0.0,1003.16223124571,7031.814294876976,999.2805492238,746.9483238875063,809.0861253559721,0.0,0.0,257.1632982955139,231.79737379820003,164.4907912953051,0.0,56.18205820487537,63.49664611537702,145.88188491850198,1179.869598894783,122.28337238975573,779.0692730636243,674.0780930568393,723.0169044557828,1016.543999391952,422.6029284808215,267.8934439986594,481.14979017513406,0.0,0.0,0.0,2172.4274626996407,2144.806717184772,0.0,2253.263353922492,3196.6416341268605,40080.91494141459,2833.9196385886708,1128.5267528195718,1511.061780907998,1132.9316333807926,3148.534652356986,116.46797293785286
MEC LIII Bipolar Complex Pyramidal,0.0,0.0,0.0,0.0,0.0,0.0,0.0,0.0,0.0,0.0,0.0,0.0,0.0,0.0,0.0,0.0,0.0,0.0,0.0,0.0,0.0,0.0,0.0,0.0,0.0,0.0,0.0,0.0,0.0,0.0,0.0,0.0,0.0,0.0,0.0,0.0,0.0,0.0,0.0,0.0,0.0,0.0,0.0,0.0,0.0,0.0,0.0,0.0,0.0,0.0,0.0,0.0,0.0,0.0,0.0,0.0,0.0,0.0,0.0,0.0,0.0,110.84041939754674,6.439268930923632,52.31770895488892,41.66292428927799,97.5251103043308,65.96508301620779,33.47936501901712,12.44278730957399,7.224541137038089,0.0,0.0,0.0,156.10322882603091,129.39404235709722,268.5769974548232,0.0,861.1914192115519,3127.075945792248,195.7632683114683,88.14001657842442,22.884394947232725,146.3802679317498,0.0,0.0
MEC LIII Complex Pyramidal,0.0,0.0,0.0,0.0,0.0,0.0,0.0,0.0,0.0,0.0,0.0,0.0,0.0,0.0,0.0,0.0,0.0,0.0,0.0,0.0,0.0,0.0,0.0,0.0,0.0,0.0,0.0,0.0,0.0,0.0,0.0,0.0,0.0,0.0,0.0,0.0,0.0,0.0,0.0,0.0,0.0,0.0,0.0,0.0,0.0,0.0,0.0,0.0,0.0,0.0,0.0,0.0,0.0,0.0,0.0,0.0,0.0,0.0,0.0,0.0,0.0,552.0532459996851,26.653430433043813,158.0456038737529,119.1249706187313,202.5659042080212,217.134348499229,70.6767736813437,19.766329709718363,30.618594269109543,0.0,0.0,0.0,496.8518298322453,569.2148212010752,1193.0847203135872,523.6053163655115,0.0,10502.673558883704,649.2359809662346,159.8639157558095,137.66555023499842,161.33957141120445,0.0,0.0
MEC LIII Superficial Multipolar Interneuron,0.0,0.0,0.0,0.0,0.0,0.0,0.0,0.0,0.0,0.0,0.0,0.0,0.0,0.0,0.0,0.0,0.0,0.0,0.0,0.0,0.0,0.0,0.0,0.0,0.0,0.0,0.0,0.0,0.0,0.0,0.0,0.0,0.0,0.0,0.0,0.0,0.0,0.0,0.0,0.0,0.0,0.0,0.0,0.0,0.0,0.0,0.0,0.0,0.0,0.0,0.0,0.0,0.0,0.0,0.0,0.0,0.0,0.0,0.0,0.0,0.0,-42.07980861134216,-6.72122684520507,-55.77276278686958,-76.84540362179841,-67.71044739693804,-126.59248741008696,-20.2276561113274,0.0,-7.350234270150267,0.0,0.0,0.0,-208.7969791962044,-73.39972816989942,-107.15821197486152,-401.9968491463907,-385.7248447647463,0.0,-154.388849158489,0.0,-11.228064831474212,-64.1201008094286,0.0,0.0
MEC LIII Superficial Trilayered Interneuron,0.0,0.0,0.0,0.0,0.0,0.0,0.0,0.0,0.0,0.0,0.0,0.0,0.0,0.0,0.0,0.0,0.0,0.0,0.0,0.0,0.0,0.0,0.0,0.0,0.0,0.0,0.0,0.0,0.0,0.0,0.0,0.0,0.0,0.0,0.0,0.0,0.0,0.0,0.0,0.0,0.0,0.0,0.0,0.0,0.0,0.0,0.0,0.0,0.0,0.0,0.0,0.0,0.0,0.0,0.0,0.0,0.0,0.0,0.0,0.0,0.0,-129.34863132793697,-12.72423052841836,-26.415122586785863,-33.41134185774516,-32.953878264535795,-63.54408158402155,-10.244144196637242,0.0,-13.994857172250365,0.0,0.0,0.0,-106.80409861991738,-138.09873103563444,-232.2366097664517,-81.86281123566405,-186.7503595715258,-2553.5613816245323,0.0,0.0,-43.72777356922958,-30.43543591123604,0.0,0.0
MEC LV Multipolar Pyramidal,0.0,0.0,0.0,0.0,0.0,0.0,0.0,0.0,0.0,0.0,0.0,0.0,0.0,0.0,0.0,0.0,0.0,0.0,0.0,0.0,0.0,0.0,0.0,0.0,0.0,0.0,0.0,0.0,0.0,0.0,0.0,0.0,0.0,0.0,0.0,0.0,0.0,0.0,0.0,0.0,0.0,0.0,0.0,0.0,0.0,0.0,0.0,0.0,0.0,0.0,0.0,0.0,0.0,0.0,0.0,0.0,0.0,0.0,0.0,0.0,0.0,0.0,0.0,29.68862157194694,26.53458883572656,53.32462209597836,32.21117840203443,31.88776158532124,34.43974613947271,28.33873628470545,0.0,0.0,0.0,86.53322359735522,0.0,0.0,149.07265177363325,457.2402797600769,2029.385683769057,75.17421710419423,0.0,115.70855122819788,138.44761428854213,310.0494867467437,0.0
MEC LV Pyramidal,0.0,0.0,0.0,0.0,0.0,0.0,0.0,0.0,0.0,0.0,65.82170424496232,0.0,0.0,0.0,0.0,0.0,0.0,0.0,0.0,0.0,0.0,0.0,0.0,0.0,0.0,0.0,0.0,0.0,0.0,0.0,0.0,0.0,0.0,0.0,0.0,0.0,0.0,0.0,0.0,0.0,0.0,0.0,0.0,0.0,0.0,0.0,0.0,16067.114464103774,36110.34234424642,7227.579975689925,9568.736896643586,12435.42722754114,0.0,3893.2093566284334,3669.647725263941,5949.052704150132,130.2785056526632,0.0,43.56293178206653,525.4341809218159,3091.6052923980023,397.3319836201498,17.464155842330424,118.54910693103264,89.0576530512442,183.66159867184444,151.053741755289,123.58362028184006,120.46903316644207,134.7226485345119,0.0,0.0,0.0,371.36559757132704,388.1786160658594,900.6001307658568,388.0471277671555,1440.789466146968,8185.940999916945,502.9527822034839,662.4278400096001,0.0,453.2801715688166,1057.8497068848276,58.72183615697319
MEC LV Superficial Pyramidal,0.0,0.0,0.0,0.0,0.0,0.0,0.0,0.0,0.0,0.0,0.0,0.0,0.0,0.0,0.0,0.0,0.0,0.0,0.0,0.0,0.0,0.0,0.0,0.0,0.0,0.0,0.0,0.0,0.0,0.0,0.0,0.0,0.0,0.0,0.0,0.0,0.0,0.0,0.0,0.0,0.0,0.0,0.0,0.0,0.0,0.0,0.0,0.0,0.0,0.0,0.0,0.0,0.0,0.0,0.0,0.0,0.0,0.0,0.0,0.0,0.0,40.87273797797678,3.037796001788656,42.1445305739916,33.455005683021945,71.06776290355756,43.60353404362299,39.949599470021134,25.32830792342784,27.333796694124377,0.0,0.0,0.0,119.30312597007098,70.51994016979222,135.01248410172684,188.7882684418888,495.9622533998108,2955.780490717272,109.01283221727452,218.5111462490885,138.477786593687,0.0,98.98823815329015,0.0
MEC LV VI Pyramidal Polymorphic,0.0,0.0,0.0,0.0,0.0,0.0,0.0,0.0,0.0,0.0,0.0,0.0,0.0,0.0,0.0,0.0,0.0,0.0,0.0,0.0,0.0,0.0,0.0,0.0,0.0,0.0,0.0,0.0,0.0,0.0,0.0,0.0,0.0,0.0,0.0,0.0,0.0,0.0,0.0,0.0,0.0,0.0,0.0,0.0,0.0,0.0,0.0,0.0,0.0,0.0,0.0,0.0,0.0,0.0,0.0,0.0,0.0,0.0,0.0,0.0,0.0,0.0,0.0,0.0,0.0,0.0,0.0,0.0,86.77596588341953,78.22850736136446,0.0,0.0,0.0,0.0,0.0,0.0,0.0,0.0,0.0,0.0,0.0,0.0,0.0,0.0,0.0
SUB CA1 Projecting Pyramidal,181.6211013178928,477.1459483921526,244.9974901929592,317.8185794217695,142.42499193739778,0.0,0.0,28.53893704422096,529.5048308792063,103.7728535782436,22.86068487488487,0.0,0.0,385.0131625856294,291.40030992433583,0.0,1391.524144576578,2990.9938020416625,106.20856360032086,287.9595174934797,460.1612013814821,257.11625948178613,126.21032126364956,8.28772603741471,0.0,0.0,162.75488583233104,0.0,0.0,0.0,0.0,0.0,193.49847966123104,0.0,0.0,0.0,0.0,0.0,0.0,0.0,0.0,0.0,0.0,0.0,0.0,0.0,0.0,0.0,0.0,0.0,0.0,0.0,0.0,0.0,0.0,0.0,0.0,0.0,0.0,0.0,0.0,0.0,0.0,0.0,0.0,0.0,0.0,0.0,0.0,0.0,0.0,0.0,0.0,0.0,0.0,0.0,0.0,0.0,0.0,0.0,0.0,0.0,0.0,0.0,0.0
