Neuron Type,E/I,rank,Population Size,Izh C,Izh k,Izh Vr,Izh Vt,Izh a,Izh b,Izh Vpeak,Izh Vmin,Izh d,Refractory Period,CARLsim_default,Vrest,Rin,tau_m,Vthresh,Fast AHP,APampl,APwidth,Max F.R.,Slow AHP,Sag ratio,K
CA1 Axo Axonic,i,2,762,234,9.825328921,-66.75901769,-65.78239061,0.002249737,14.46836874,3.182780355,-62.22075087,26,1,N,-65.1,73.9,7.7,22,17.6,64.1,0.39, ,7.7, ,0.444436
CA1 Basket,i,2,819,114,1.194057842,-57.62668762,-35.52987434,0.004606159,0.215666605,21.72459043,-48.69993294,2,1,N,-57,116,13,19,10,62,0.54,60,2,0.84,0.228963
CA1 Basket CCK+,i,2,963,59,1.062999345,-63.1830092,-38.18266358,0.023084662,-26.86555078,27.4430373,-53.31856204,294,1,N,-61.4,281.7,25.1,22.5,15.2,76.9,0.84,160,6.6,0.78,0.091758
CA1 Horizontal Axo Axonic,i,3,494,88,2.147703709,-56.44607825,-41.32222323,0.030161957,-47.84988426,23.89342893,-46.01289215,277,1,N,-57,219,24,25,9.9,80.8,0.9,87,6.1,0.74,0.260045
CA1 Horizontal Basket,i,4,811,46,0.828121327,-55.71667908,-27.7493779,0.0019183,0.257962229,20.27784287,-45.42231212,1,1,N,-55.4,157.5,20.5,24,11,71.4,0.77,50,5.3,0.47,0.449787
CA1 Ivy,i,2,1898,364,1.916038229,-70.43451358,-40.85892638,0.009151158,1.908337023,-6.919736716,-53.39985033,45,1,N,-71,72.8,7.6,30.1,13.6,44,0.8, ,3,0.98,0.046777
CA1 LMR,i,3,331,40,0.646086918,-53.95183827,-43.83060961,0.002634963,-12.11920917,25.1952116,-54.04927084,11,1,N,-53.1,352,32.9,36.9,19.5,86.9,0.8, ,0.2,0.92,0.374779
CA1 Neurogliaform,i,2,2716,254,2.35984164,-63.33385859,-47.61631265,0.008734647,17.55937833,10.70070768,-50.7816747,40,1,N,-63.1,215.3,12.4,32.4,20.4,73,0.9,60,9,0.99,0.116543
CA1 Neurogliaform Projecting,i,3,235,456,1.857338202,-63.35382853,-56.26411665,0.002891496,-2.718194966,17.06268357,-52.7704415,90,1,N,-63.1,215.3,12.4,44.4,20.4,46.5,0.9,52.8,9,0.99,0.093069
CA1 O LMR,i,4,1400,96,0.326413587,-56.4365831,-27.61761533,0.00631952,0.395234468,29.48367087,-51.29448022,48,1,N,-55.7,190,39.4,34,19.4,84.4, , ,5,0.68,0.088073
CA1 OR LM,i,5,1777,248,0.558333177,-57.03338685,-42.75457865,0.014303596,2.09494393,82.73135352,-45.49295037,-15,1,N,-68,225,68,15.1,8.4,86, , ,4.6,0.71,0.098451
CA1 Oriens Alveus,i,4,1480,49,1.206894137,-51.64977257,-41.92206743,0.056082682,-44.91941033,-5.449401596,-46.01065694,416,1,N,-51,42,5.6,9.4,8.1,43,1.1, ,6, ,0.229633
CA1 Oriens Bistratified,i,3,830,841,2.907902346,-57.08082117,-48.4735102,0.001680211,13.66912236,4.145524955,-52.91219934,35,1,N,-66,364,38,26,21.4,63, , , ,0.85,0.042454
CA1 Perforant Path Associated,i,3,1129,12,4.838056053,-55.44446407,-42.49969761,0.04512701,-49.30790984,-0.045067799,-50.99573059,194,1,N,-55.4,84.2,11.9,9.3,7,69.4,0.73, ,12.4, ,0.276757
CA1 Perforant Path Associated QuadD,i,4,53,12,4.657022046,-64.87868816,-51.84494418,0.096312483,-44.34342665,-2.993896271,-62.54009513,290,1,N,-64,216,46,27,22,61,0.77,40,1.3,0.79,0.386195
CA1 Pyramidal,e,1,388637,334,1.562602333,-69.36063747,-53.22443826,0.0005,-17.24503283,25.4608314,-60.21605302,16,1,N,-62.4,65.6,22.4,20.2,7.8,85,1,32,0.3,0.56,0.096144
CA1 R Receiving Apical Targeting,i,5,311,92,0.668004244,-57.27551451,-43.19043552,0.027221452,-9.289230998,-6.339883865,-46.58168738,142,1,N,-57,116,13,25,25,48,0.54, ,3.3,0.84,0.208422
CA1 Radial Trilaminar,i,4,290,227,2.642652228,-57.87204302,-37.93317916,0.009081579,3.594942641,4.773356593,-45.87171317,2,1,N,-57,116,13,27,25,48,0.54,145,0.82,0.89,0.156292
CA1 Radiatum,i,3,227,194,3.344844908,-68.97529967,-58.1497178,0.010911283,14.89204491,-8.587023507,-68.03265206,20,1,N,-55.8,96.3,16.2,19.4,16.3,68.4, , ,4.2,0.88,0.135622
CA1 Radiatum Giant,e,4,9716,725,0.734664195,-66.09040753,-27.00561347,0.00002,91.37048337,13.3680081,-46.97402933,100,1,N,-66,56,50,30,6,69,1.9,26,8.3,0.61,0.014313
CA1 Recurrent O LM,i,3,170,210,0.637980272,-68.45844438,-40.03047836,0.0008,1.926276284,24.59530109,-68.06036021,20,1,N,-75,70,12.8,25,16.1,58.8,0.6,150,5,0.62,0.059124
CA1 Schaffer Collateral Associated,i,3,2404,224,2.990085377,-75.313023,-64.86396376,0.002173417,24.81396613,0.52792244,-67.72493699,34,1,N,-60.6,482.6,26.1,13.5,21,73,1.06,95,5.5,0.49,0.095954
CA1 SO SO,i,3,763,177,0.320909689,-77.2443654,-54.22114289,0.008346729,1.723722594,-22.00363886,-61.08535576,-5,1,N,-59,401,38,24,15,48,1.12,160,4.8,0.69,0.17055
CA1 Trilaminar,i,2,977,38,0.157738363,-60.93990874,-46.188382,0.003912805,2.720865237,-0.919606264,-55.33551486,-3,1,N,-64,216,46,27,22,61,0.77,130,4.7,0.79,0.657243
CA2 Basket,i,3,105,150,5.121746081,-70.31272624,-49.91020428,0.011996589,-28.47889883,-10.27227079,-57.08015877,132,1,N,-71.2,77,8.2,22,22,62.7,0.5,180,3,0.99,0.12841
CA2 Bistratified,i,3,79,118,0.798126295,-74.10259822,-40.19407963,0.007629999,4.754906331,11.46361933,-53.61371159,4,1,N,-72.7,83.3,13.7,49,14.4,65.2,0.4, ,3.2,0.99,0.175648
CA2 SP SR,i,4,94,226,3.590881992,-71.92485579,-57.05196694,0.002631041,48.4347531,-6.496991815,-66.93755751,64,1,N,-71,82.6,12.7,19,11.5,67,0.5,160,3.3,0.86,0.07901
CA2 Wide Arbor Basket,i,4,147,148,0.509197146,-63.20239904,-32.84473394,0.00589767,-2.160638759,35.00602803,-38.33295339,66,1,N,-74.9,111.8,12.6,30,19.5,65.5,0.6,125,7,0.55,0.109313
CA3 Axo Axonic,i,2,340,165,3.961462878,-57.09978287,-51.71875628,0.004638608,8.683644937,27.79863559,-73.96850421,15,1,N,-58,182.8,8.9,10.5,29.3,80.5,0.69, ,9, ,0.175383
CA3 Basket,i,3,279,45,0.9951729,-57.506126,-23.378766,0.003846186,9.2642765,18.454934,-47.555661,-6,1,N,-60,122.9,11.2,25.6,35,77.1,0.54,33.6,3,0.93,0.373675
CA3 Granule,e,4,360,241,2.24573926,-78.04310161,-64.88107483,0.052993033,1.538267804,-7.726602652,-68.0075496,443,1,N,-78,139,17.1,27.4,8,104.3,0.95,100,1.75,0.99,0.072448
CA3 LMR Targeting,i,4,2614,54,1.103614344,-67.7253072,-24.08892339,0.001,-61.26447822,10.38028985,-42.7378584,43,1,N,-68,174,21.2,22,10.1,78,1, , , ,0.078152
CA3 Lucidum ORAX,i,3,10,67,1.025171877,-60.0241416,-47.97306371,0.042100128,-5.07265147,11.09182173,-59.38112538,68,1,N,-61,284,42,19.2,15,68.3,0.53,75,6.6,0.81,0.304431
CA3 Mossy Fiber Associated ORDEN,i,4,68,209,1.379807135,-57.07642357,-39.10204278,0.00783806,12.93328554,16.31326819,-40.68066489,0,1,N,-57,225,29.1,20,13.1,74,0.72,500,6.5, ,0.111375
CA3 Pyramidal,e,1,183844,366,0.792338704,-63.20440082,-33.60417331,0.008383503,-42.55247769,35.86146486,-38.86809903,588,1,N,-60.5,126,61,28,10.2,97.6,1,40,7.5,1.01,0.026603
CA3 Spiny Lucidum,i,3,581,590,3.127880528,-69.58985793,-52.97450984,0.002515064,10.11732957,34.30228664,-58.61608319,18,1,N,-60,253,32.4,24.8,12.9,88.4, , ,8.35,0.84,0.05805
CA3 Trilaminar,i,3,2117,251,0.930715939,-63.13260227,-55.63967127,0.0004,-18.75765412,17.0068586,-52.61771924,74,1,N,-61.2,167.3,16.9,12,30,84,0.57,101.5,0.1,0.88,0.067799
CA3c Pyramidal,e,2,44123,244,3.005979209,-62.29424942,-45.27252161,0.00189165,19.36276218,17.43118362,-47.37323033,104,1,N,-62,52,16,15,3.5,66, , ,5.1, ,0.052661
DG AIPRIM,i,4,8559,40,0.509067437,-63.3890242,-40.19111042,0.002447682,0.195931183,7.365549714,-53.33984823,6,1,N,-64,363,30,16,12.3,77,0.5,81,9,0.8,0.407751
DG Axo Axonic,i,3,235,77,1.523974163,-65.25234734,-54.34856581,0.048883614,12.27398392,5.067137131,-64.4724901,-6,1,N,-65.1,73.9,7.7,13,7,78,0.42,85,4.5, ,0.307503
DG Basket,i,2,1612,208,0.812590386,-61.01667831,-37.8353069,0.097076563,1.894192258,14.0797379,-36.23009115,553,1,N,-62,43,10,18.3,20,72.6,0.25,230,2.3,0.97,0.079289
DG Granule,e,1,962200,38,0.447181701,-77.40291336,-44.90054428,0.003279941,24.47842199,15.48972677,-66.46563513,50,1,N,-75,228,26.9,25.6,11.7,69.4,0.87,72,0.6,0.97,0.059133
DG HICAP,i,3,833,61,0.50323683,-61.277145,-35.355354,0.038811374,-1.6152531,38.78533,-60.7653,49,1,N,-60.5,182.2,14.8,19,18.6,50,0.51,26.5,0.1, ,0.227982
DG HIPP,i,2,6006,74,1.283310257,-59.00604071,-50.53342176,0.006380991,57.94103813,0.570642811,-56.97945473,-58,1,N,-60,24,5,19,10.7,44.5,1.06, , ,0.96,0.56073
DG HIPROM,i,4,10,510,2.157651629,-65.40026424,-45.28032899,0.001053858,-21.23867256,-9.919793311,-49.31195573,28,1,N,-65,371,35,26.2,13.1,80.8,0.72,69,3.1,0.82,0.074861
DG MOLAX,i,4,5421,236,0.921654708,-54.90589221,-41.6901321,0.0007,-3.120896549,-11.6128961,-48.73470073,8,1,N,-54.5,198.2,18.4,15.2,11,43.8,0.86,50,3.5, ,0.148888
DG MOPP,i,2,377,250,0.666400703,-74.67395524,-6.829340553,0.001735896,-32.42387517,17.02761095,-42.93010415,163,1,N,-75.6,147,6.8,45.6,14.6,41.7, , ,2.19,0.95,0.0189
DG Mossy,e,2,25573,258,1.49950885,-63.67295495,-37.11298414,0.00375903,-20.84441642,28.29136632,-47.98090964,117,1,N,-62,199,41,23.7,6.2,62.5,0.78,50,2.8,0.81,0.045208
DG Neurogliaform,i,4,599,250,0.666400703,-74.67395524,-6.829340553,0.001735896,-32.42387517,17.02761095,-42.93010415,163,1,N,-75.6,147,6.8,45.6,14.6,41.7, , ,2.19,0.95,0.01898
DG Semilunar Granule,e,3,163633,910,0.943556481,-78.37613397,-58.40275867,0.0004,-77.48643496,2.611505375,-62.90416345,182,1,N,-78,128.3,19.6,37,21,85.6, ,11, , ,0.025854
DG Total Molecular Layer,i,4,7989,236,0.921654708,-54.90589221,-41.6901321,0.0007,-3.120896549,-11.6128961,-48.73470073,8,1,N,-54.5,198.2,18.4,15.2,11,43.8,0.86,50,4.5, ,0.148888
EC LI II Multipolar Pyramidal,e,4,191782,204,0.368841404,-70.5321713,-39.98677077,0.0009,-4.080294972,3.963451648,-54.94826994,13,1,N,-63,430,25,15.6,5.5,77.5,1.22,50,4.7,0.78,0.099496
EC LI II Pyramidal Fan,e,3,86816,539,0.938700121,-50.04475576,-46.53686255,0.010467107,-0.315896839,29.21947468,-50.6264503,283,1,N,-56.5,400,16,17.8,11.5,69,1.25,90,3,0.71,0.023229
EC LII III Pyramidal Tripolar,e,3,42864,204,0.368841404,-70.5321713,-39.98677077,0.0009,-4.080294972,3.963451648,-54.94826994,13,1,N,-60.5,400,16,8,7.2,69,1.25,40,3,0.66,0.104819
EC LIII Pyramidal,e,3,55570,250,0.31324951,-64.62085879,-35.31711857,0.0006,-3.358964718,5.800988308,-48.63492835,11,1,N,-66.5,450,29,23.6,10.6,70,1.38,95,4.06,0.9,0.076576
EC LIII Stellate,e,4,12233,407,0.953377376,-59.01310971,-39.00521246,0.028146831,-21.98520166,21.50652094,-38.57857909,805,1,N,-61,468,43.5,19.5,12.7,76,1.45, , ,0.86,0.061314
EC LIII V Bipolar Pyramidal,e,3,15155,240,0.617098815,-67.72608577,-40.44114859,0.0004,-22.0867312,21.37919393,-48.28414783,37,1,N,-68,490,36,20,7.2,70,1.48,29,4.5,0.86,0.074179
EC LIV VI Deep Multipolar Principal,e,3,94209,240,0.617098815,-67.72608577,-40.44114859,0.0004,-22.0867312,21.37919393,-48.28414783,37,1,N,-59.8,272.3,26.6,14.5,5.7,80.4,1.39,70,1.2,0.95,0.073078
EC LV Deep Pyramidal,e,2,38021,157,0.205296899,-66.54679245,-32.89007207,0.0002,-16.13707511,13.40196018,-51.2010424,19,1,N,-66.5,605,37,28.7,7.8,61,1.8,70,5,0.86,0.083126
LEC LIII Complex Pyramidal,e,5,16910,250,0.31324951,-64.62085879,-35.31711857,0.0006,-3.358964718,5.800988308,-48.63492835,11,1,N,-66.5,450,29,23.6,10.6,70,1.38,25,4.06,0.9,0.085964
LEC LIII Multipolar Principal,e,5,9320,250,0.31324951,-64.62085879,-35.31711857,0.0006,-3.358964718,5.800988308,-48.63492835,11,1,N,-66.5,450,29,23.6,10.6,70,1.38,25,4.06,0.9,0.085964
LEC LVI Multipolar Pyramidal,e,5,7866,380,0.851306556,-63.53574665,-41.3186074,0.001016793,-6.977868906,14.20476873,-49.275243,21,1,N,-64,450,26,27.9,7.4,74,1.7,10,1.2,0.9,0.073757
MEC LII III Pyramidal Multiform,e,4,5292,204,0.368841404,-70.5321713,-39.98677077,0.0009,-4.080294972,3.963451648,-54.94826994,13,1,N,-63,430,25,15.6,5.5,77.5,1.22,25,4.7,0.78,0.099496
MEC LII Oblique Pyramidal,e,5,1440,118,0.618438092,-58.53106324,-43.51683183,0.004821176,11.68873972,11.48258003,-49.52180675,3,1,N,-60.5,400,15.8,8,7.2,69,1.25,40,3,0.66,0.201595
MEC LII Stellate,e,1,10818,118,0.618438092,-58.53106324,-43.51683183,0.004821176,11.68873972,11.48258003,-49.52180675,3,1,N,-60.5,30.2,8.9,8,7.2,69,1.25,40,3,0.79,0.21829
MEC LIII Bipolar Complex Pyramidal,e,4,1945,407,0.953377376,-59.01310971,-39.00521246,0.028146831,-21.98520166,21.50652094,-38.57857909,805,1,N,-61,468,44,17.2,8.2,76,1.45, , ,0.86,0.061175
MEC LIII Complex Pyramidal,e,5,7373,407,0.953377376,-59.01310971,-39.00521246,0.028146831,-21.98520166,21.50652094,-38.57857909,805,1,N,-61,468,43.5,19.5,12.7,76,1.45, , ,0.86,0.061314
MEC LIII Multipolar Principal,e,5,980,407,0.953377376,-59.01310971,-39.00521246,0.028146831,-21.98520166,21.50652094,-38.57857909,805,1,N,-61,468,43.5,19.5,12.7,76,1.45, , ,0.86,0.061314
MEC LIII Superficial Trilayered Interneuron,i,3,2404,152,1.148137958,-59.17974421,-36.71126019,0.004489513,7.385008073,17.72556394,-54.95805723,1,1,N,-62,36.8,12.7,8,11.2,66.8, , ,1.1,0.89,0.136869
MEC LV Pyramidal,e,4,7101,157,0.205296899,-66.54679245,-32.89007207,0.0002,-16.13707511,13.40196018,-51.2010424,19,1,N,-61.8,605,37,10,11.6,61,1.8, ,0,0.86,0.088488
MEC LV Superficial Pyramidal,e,4,4149,157,0.205296899,-66.54679245,-32.89007207,0.0002,-16.13707511,13.40196018,-51.2010424,19,1,N,-66.5,605,37,28.7,7.8,61,1.8, ,0,0.86,0.088488
MEC LV VI Pyramidal Polymorphic,e,4,15190,218,0.547818202,-63.16311175,-39.45391012,0.0003,-21.05231289,28.81906029,-51.14375322,13,1,N,-63,480,41,27.7,8.1,73,2.1,33,1.6,0.91,0.093831