method,seed,length_edges,n_nodes_visited,transition_weight_sum,self_weight_sum,summed_weight,n_self_connections_included,terminus,path,annealing_iterations,annealing_initial_temperature,annealing_cooling_rate,annealing_score,bb_states_seen,bb_status,dp_mode
greedy_tree_path,CA1 Pyramidal,15,16,70463.83456151624,17199.957716448596,87663.79227796484,13,CA1 Radiatum Giant,CA1 Pyramidal -> MEC LV VI Pyramidal Polymorphic -> EC LIV VI Deep Multipolar Principal -> LEC LVI Multipolar Pyramidal -> LEC LIII Multipolar Principal -> LEC LIII Complex Pyramidal -> EC LIII Pyramidal Stellate -> MEC LIII Complex Pyramidal -> MEC LII Stellate -> CA3 Granule -> CA3c Pyramidal -> CA2 Pyramidal -> DG Mossy -> DG Hilar Ectopic Granule -> CA3 Pyramidal -> CA1 Radiatum Giant,,,,,,,
greedy_tree_path,CA1 Radiatum Giant,15,16,70212.69767993434,17199.957716448596,87412.65539638294,13,CA3 Pyramidal,CA1 Radiatum Giant -> CA1 Pyramidal -> MEC LV VI Pyramidal Polymorphic -> EC LIV VI Deep Multipolar Principal -> LEC LVI Multipolar Pyramidal -> LEC LIII Multipolar Principal -> LEC LIII Complex Pyramidal -> EC LIII Pyramidal Stellate -> MEC LIII Complex Pyramidal -> MEC LII Stellate -> CA3 Granule -> CA3c Pyramidal -> CA2 Pyramidal -> DG Mossy -> DG Hilar Ectopic Granule -> CA3 Pyramidal,,,,,,,
greedy_tree_path,CA2 Pyramidal,16,17,98803.64714458957,17199.957716448596,116003.60486103817,13,CA1 Radiatum Giant,CA2 Pyramidal -> CA1 Pyramidal -> MEC LV VI Pyramidal Polymorphic -> EC LIV VI Deep Multipolar Principal -> LEC LVI Multipolar Pyramidal -> LEC LIII Multipolar Principal -> LEC LIII Complex Pyramidal -> EC LIII Pyramidal Stellate -> MEC LIII Complex Pyramidal -> MEC LII Stellate -> CA3 Granule -> CA3c Pyramidal -> DG Granule -> DG Mossy -> DG Hilar Ectopic Granule -> CA3 Pyramidal -> CA1 Radiatum Giant,,,,,,,
greedy_tree_path,CA3 Granule,15,16,118053.76242369786,17199.9577164486,135253.72014014647,13,CA1 Radiatum Giant,CA3 Granule -> CA3c Pyramidal -> CA1 Pyramidal -> MEC LV VI Pyramidal Polymorphic -> EC LIV VI Deep Multipolar Principal -> LEC LVI Multipolar Pyramidal -> LEC LIII Multipolar Principal -> LEC LIII Complex Pyramidal -> EC LIII Pyramidal Stellate -> MEC LIII Complex Pyramidal -> MEC LII Stellate -> CA2 Pyramidal -> DG Mossy -> DG Hilar Ectopic Granule -> CA3 Pyramidal -> CA1 Radiatum Giant,,,,,,,
greedy_tree_path,CA3 Pyramidal,15,16,110967.27295280102,17199.957716448596,128167.23066924962,13,DG Hilar Ectopic Granule,CA3 Pyramidal -> CA2 Pyramidal -> CA1 Pyramidal -> MEC LV VI Pyramidal Polymorphic -> EC LIV VI Deep Multipolar Principal -> LEC LVI Multipolar Pyramidal -> LEC LIII Multipolar Principal -> LEC LIII Complex Pyramidal -> EC LIII Pyramidal Stellate -> MEC LIII Complex Pyramidal -> MEC LII Stellate -> CA3 Granule -> CA3c Pyramidal -> DG Granule -> DG Mossy -> DG Hilar Ectopic Granule,,,,,,,
greedy_tree_path,CA3c Pyramidal,14,15,143811.1955212624,17199.957716448596,161011.153237711,13,DG Hilar Ectopic Granule,CA3c Pyramidal -> CA1 Pyramidal -> MEC LV VI Pyramidal Polymorphic -> EC LIV VI Deep Multipolar Principal -> LEC LVI Multipolar Pyramidal -> LEC LIII Multipolar Principal -> LEC LIII Complex Pyramidal -> EC LIII Pyramidal Stellate -> MEC LIII Complex Pyramidal -> MEC LII Stellate -> CA3 Granule -> CA3 Pyramidal -> CA2 Pyramidal -> DG Mossy -> DG Hilar Ectopic Granule,,,,,,,
greedy_tree_path,DG Granule,16,17,184146.61118735807,17199.957716448596,201346.56890380668,13,CA1 Radiatum Giant,DG Granule -> DG Mossy -> DG Hilar Ectopic Granule -> CA3c Pyramidal -> CA1 Pyramidal -> MEC LV VI Pyramidal Polymorphic -> EC LIV VI Deep Multipolar Principal -> LEC LVI Multipolar Pyramidal -> LEC LIII Multipolar Principal -> LEC LIII Complex Pyramidal -> EC LIII Pyramidal Stellate -> MEC LIII Complex Pyramidal -> MEC LII Stellate -> CA3 Granule -> CA3 Pyramidal -> CA2 Pyramidal -> CA1 Radiatum Giant,,,,,,,
greedy_tree_path,DG Hilar Ectopic Granule,15,16,52707.12536318414,13921.50695075143,66628.63231393557,12,CA1 Radiatum Giant,DG Hilar Ectopic Granule -> DG Mossy -> DG Granule -> CA2 Pyramidal -> CA1 Pyramidal -> MEC LV VI Pyramidal Polymorphic -> EC LIV VI Deep Multipolar Principal -> LEC LVI Multipolar Pyramidal -> LEC LIII Multipolar Principal -> LEC LIII Complex Pyramidal -> EC LIII Pyramidal Stellate -> MEC LIII Complex Pyramidal -> MEC LII Stellate -> CA3 Granule -> CA3c Pyramidal -> CA1 Radiatum Giant,,,,,,,
greedy_tree_path,DG Mossy,15,16,139237.90120878708,17199.957716448596,156437.8589252357,13,CA1 Radiatum Giant,DG Mossy -> DG Hilar Ectopic Granule -> CA3c Pyramidal -> CA1 Pyramidal -> MEC LV VI Pyramidal Polymorphic -> EC LIV VI Deep Multipolar Principal -> LEC LVI Multipolar Pyramidal -> LEC LIII Multipolar Principal -> LEC LIII Complex Pyramidal -> EC LIII Pyramidal Stellate -> MEC LIII Complex Pyramidal -> MEC LII Stellate -> CA3 Granule -> CA3 Pyramidal -> CA2 Pyramidal -> CA1 Radiatum Giant,,,,,,,
greedy_tree_path,DG Semilunar Granule,16,17,144393.00700757426,17240.562410429426,161633.56941800367,14,CA1 Radiatum Giant,DG Semilunar Granule -> DG Mossy -> DG Hilar Ectopic Granule -> CA3c Pyramidal -> CA1 Pyramidal -> MEC LV VI Pyramidal Polymorphic -> EC LIV VI Deep Multipolar Principal -> LEC LVI Multipolar Pyramidal -> LEC LIII Multipolar Principal -> LEC LIII Complex Pyramidal -> EC LIII Pyramidal Stellate -> MEC LIII Complex Pyramidal -> MEC LII Stellate -> CA3 Granule -> CA3 Pyramidal -> CA2 Pyramidal -> CA1 Radiatum Giant,,,,,,,
greedy_tree_path,EC LI II Multipolar Pyramidal,14,15,155698.90674238442,29439.123421439625,185138.03016382403,12,CA1 Radiatum Giant,EC LI II Multipolar Pyramidal -> MEC LIII Bipolar Complex Pyramidal -> MEC LIII Complex Pyramidal -> MEC LII Stellate -> CA3 Granule -> CA3c Pyramidal -> CA1 Pyramidal -> MEC LV VI Pyramidal Polymorphic -> EC LIV VI Deep Multipolar Principal -> LEC LVI Multipolar Pyramidal -> LEC LIII Multipolar Principal -> LEC LIII Complex Pyramidal -> EC LIII Pyramidal Stellate -> SUB CA1 Projecting Pyramidal -> CA1 Radiatum Giant,,,,,,,
greedy_tree_path,EC LI II Pyramidal Fan,15,16,163171.34384923204,29809.87788244817,192981.2217316802,13,CA1 Radiatum Giant,EC LI II Pyramidal Fan -> EC LI II Multipolar Pyramidal -> MEC LIII Bipolar Complex Pyramidal -> MEC LIII Complex Pyramidal -> MEC LII Stellate -> CA3 Granule -> CA3c Pyramidal -> CA1 Pyramidal -> MEC LV VI Pyramidal Polymorphic -> EC LIV VI Deep Multipolar Principal -> LEC LVI Multipolar Pyramidal -> LEC LIII Multipolar Principal -> LEC LIII Complex Pyramidal -> EC LIII Pyramidal Stellate -> SUB CA1 Projecting Pyramidal -> CA1 Radiatum Giant,,,,,,,
greedy_tree_path,EC LII III Pyramidal Tripolar,15,16,159915.302446034,31716.42126379673,191631.72370983072,13,CA1 Radiatum Giant,EC LII III Pyramidal Tripolar -> EC LI II Multipolar Pyramidal -> MEC LIII Bipolar Complex Pyramidal -> MEC LIII Complex Pyramidal -> MEC LII Stellate -> CA3 Granule -> CA3c Pyramidal -> CA1 Pyramidal -> MEC LV VI Pyramidal Polymorphic -> EC LIV VI Deep Multipolar Principal -> LEC LVI Multipolar Pyramidal -> LEC LIII Multipolar Principal -> LEC LIII Complex Pyramidal -> EC LIII Pyramidal Stellate -> SUB CA1 Projecting Pyramidal -> CA1 Radiatum Giant,,,,,,,
greedy_tree_path,EC LIII Pyramidal,16,17,70863.65275640332,17217.502779581333,88081.15553598465,14,CA1 Radiatum Giant,EC LIII Pyramidal -> CA1 Pyramidal -> MEC LV VI Pyramidal Polymorphic -> EC LIV VI Deep Multipolar Principal -> LEC LVI Multipolar Pyramidal -> LEC LIII Multipolar Principal -> LEC LIII Complex Pyramidal -> EC LIII Pyramidal Stellate -> MEC LIII Complex Pyramidal -> MEC LII Stellate -> CA3 Granule -> CA3c Pyramidal -> CA2 Pyramidal -> DG Mossy -> DG Hilar Ectopic Granule -> CA3 Pyramidal -> CA1 Radiatum Giant,,,,,,,
greedy_tree_path,EC LIII Pyramidal Stellate,16,17,75217.68818495833,17260.64225308981,92478.33043804814,14,CA1 Radiatum Giant,EC LIII Pyramidal Stellate -> CA1 Pyramidal -> MEC LV VI Pyramidal Polymorphic -> EC LIV VI Deep Multipolar Principal -> LEC LVI Multipolar Pyramidal -> LEC LIII Multipolar Principal -> LEC LIII Complex Pyramidal -> EC LIII Stellate -> MEC LIII Complex Pyramidal -> MEC LII Stellate -> CA3 Granule -> CA3c Pyramidal -> CA2 Pyramidal -> DG Mossy -> DG Hilar Ectopic Granule -> CA3 Pyramidal -> CA1 Radiatum Giant,,,,,,,
greedy_tree_path,EC LIII Stellate,22,23,194837.7148272929,18616.230243521186,213453.94507081408,19,CA1 Radiatum Giant,EC LIII Stellate -> MEC LIII Complex Pyramidal -> MEC LII Stellate -> CA3 Granule -> CA3c Pyramidal -> CA1 Pyramidal -> MEC LV VI Pyramidal Polymorphic -> EC LIV VI Deep Multipolar Principal -> LEC LVI Multipolar Pyramidal -> LEC LIII Multipolar Principal -> LEC LIII Complex Pyramidal -> EC LIII Pyramidal Stellate -> MEC LIII Bipolar Complex Pyramidal -> MEC LII III Pyramidal Multiform -> MEC LV Multipolar Pyramidal -> MEC LV Superficial Pyramidal -> MEC LV Pyramidal -> DG Granule -> DG Mossy -> DG Hilar Ectopic Granule -> CA3 Pyramidal -> CA2 Pyramidal -> CA1 Radiatum Giant,,,,,,,
greedy_tree_path,EC LIII V Bipolar Pyramidal,16,17,108993.79474688401,17181.48776911636,126175.28251600037,15,CA3 Granule,EC LIII V Bipolar Pyramidal -> LEC LIII Multipolar Principal -> LEC LIII Complex Pyramidal -> EC LIII Pyramidal Stellate -> CA1 Pyramidal -> MEC LV VI Pyramidal Polymorphic -> EC LIV VI Deep Multipolar Principal -> LEC LVI Multipolar Pyramidal -> EC LV Deep Pyramidal -> MEC LV Pyramidal -> DG Granule -> DG Mossy -> DG Hilar Ectopic Granule -> CA3c Pyramidal -> CA2 Pyramidal -> CA3 Pyramidal -> CA3 Granule,,,,,,,
greedy_tree_path,EC LIV VI Deep Multipolar Principal,17,18,69254.61751614326,18069.961112617075,87324.57862876034,15,CA1 Radiatum Giant,EC LIV VI Deep Multipolar Principal -> MEC LV VI Pyramidal Polymorphic -> EC LV Deep Pyramidal -> LEC LVI Multipolar Pyramidal -> LEC LIII Multipolar Principal -> LEC LIII Complex Pyramidal -> EC LIII Pyramidal Stellate -> CA1 Pyramidal -> EC LIII V Bipolar Pyramidal -> MEC LIII Complex Pyramidal -> MEC LII Stellate -> CA3 Granule -> CA3c Pyramidal -> CA2 Pyramidal -> DG Mossy -> DG Hilar Ectopic Granule -> CA3 Pyramidal -> CA1 Radiatum Giant,,,,,,,
greedy_tree_path,EC LV Deep Pyramidal,17,18,68952.1721771052,18069.961112617075,87022.13328972227,15,CA1 Radiatum Giant,EC LV Deep Pyramidal -> MEC LV VI Pyramidal Polymorphic -> EC LIV VI Deep Multipolar Principal -> LEC LVI Multipolar Pyramidal -> LEC LIII Multipolar Principal -> LEC LIII Complex Pyramidal -> EC LIII Pyramidal Stellate -> CA1 Pyramidal -> EC LIII V Bipolar Pyramidal -> MEC LIII Complex Pyramidal -> MEC LII Stellate -> CA3 Granule -> CA3c Pyramidal -> CA2 Pyramidal -> DG Mossy -> DG Hilar Ectopic Granule -> CA3 Pyramidal -> CA1 Radiatum Giant,,,,,,,
greedy_tree_path,LEC LIII Complex Pyramidal,14,15,155794.07654363938,29439.123421439628,185233.19996507902,12,CA1 Radiatum Giant,LEC LIII Complex Pyramidal -> LEC LIII Multipolar Principal -> EC LI II Multipolar Pyramidal -> MEC LIII Bipolar Complex Pyramidal -> MEC LIII Complex Pyramidal -> MEC LII Stellate -> CA3 Granule -> CA3c Pyramidal -> CA1 Pyramidal -> MEC LV VI Pyramidal Polymorphic -> EC LIV VI Deep Multipolar Principal -> LEC LVI Multipolar Pyramidal -> EC LIII Pyramidal Stellate -> SUB CA1 Projecting Pyramidal -> CA1 Radiatum Giant,,,,,,,
greedy_tree_path,LEC LIII Multipolar Principal,17,18,76211.23364568492,18069.961112617075,94281.194758302,15,CA1 Radiatum Giant,LEC LIII Multipolar Principal -> LEC LIII Complex Pyramidal -> EC LIII Pyramidal Stellate -> CA1 Pyramidal -> MEC LV VI Pyramidal Polymorphic -> EC LIV VI Deep Multipolar Principal -> LEC LVI Multipolar Pyramidal -> EC LV Deep Pyramidal -> EC LIII V Bipolar Pyramidal -> MEC LIII Complex Pyramidal -> MEC LII Stellate -> CA3 Granule -> CA3c Pyramidal -> CA2 Pyramidal -> DG Mossy -> DG Hilar Ectopic Granule -> CA3 Pyramidal -> CA1 Radiatum Giant,,,,,,,
greedy_tree_path,LEC LVI Multipolar Pyramidal,15,16,74349.04896581652,17199.957716448596,91549.00668226511,13,CA1 Radiatum Giant,LEC LVI Multipolar Pyramidal -> LEC LIII Multipolar Principal -> LEC LIII Complex Pyramidal -> EC LIII Pyramidal Stellate -> CA1 Pyramidal -> MEC LV VI Pyramidal Polymorphic -> EC LIV VI Deep Multipolar Principal -> MEC LIII Complex Pyramidal -> MEC LII Stellate -> CA3 Granule -> CA3c Pyramidal -> CA2 Pyramidal -> DG Mossy -> DG Hilar Ectopic Granule -> CA3 Pyramidal -> CA1 Radiatum Giant,,,,,,,
greedy_tree_path,MEC LII III Pyramidal Multiform,18,19,71071.14371673469,18377.758419395304,89448.90213613,16,CA1 Radiatum Giant,MEC LII III Pyramidal Multiform -> MEC LV VI Pyramidal Polymorphic -> EC LIV VI Deep Multipolar Principal -> LEC LVI Multipolar Pyramidal -> LEC LIII Multipolar Principal -> LEC LIII Complex Pyramidal -> EC LIII Pyramidal Stellate -> CA1 Pyramidal -> EC LV Deep Pyramidal -> EC LIII V Bipolar Pyramidal -> MEC LIII Complex Pyramidal -> MEC LII Stellate -> CA3 Granule -> CA3c Pyramidal -> CA2 Pyramidal -> DG Mossy -> DG Hilar Ectopic Granule -> CA3 Pyramidal -> CA1 Radiatum Giant,,,,,,,
greedy_tree_path,MEC LII Oblique Pyramidal,22,23,195127.34249268565,18555.545706879973,213682.88819956564,18,CA1 Radiatum Giant,MEC LII Oblique Pyramidal -> MEC LIII Complex Pyramidal -> MEC LII Stellate -> CA3 Granule -> CA3c Pyramidal -> CA1 Pyramidal -> MEC LV VI Pyramidal Polymorphic -> EC LIV VI Deep Multipolar Principal -> LEC LVI Multipolar Pyramidal -> LEC LIII Multipolar Principal -> LEC LIII Complex Pyramidal -> EC LIII Pyramidal Stellate -> MEC LIII Bipolar Complex Pyramidal -> MEC LII III Pyramidal Multiform -> MEC LV Multipolar Pyramidal -> MEC LV Superficial Pyramidal -> MEC LV Pyramidal -> DG Granule -> DG Mossy -> DG Hilar Ectopic Granule -> CA3 Pyramidal -> CA2 Pyramidal -> CA1 Radiatum Giant,,,,,,,
greedy_tree_path,MEC LII Stellate,22,23,194238.90435129302,18555.545706879973,212794.45005817298,18,CA1 Radiatum Giant,MEC LII Stellate -> CA3 Granule -> CA3c Pyramidal -> CA1 Pyramidal -> MEC LV VI Pyramidal Polymorphic -> EC LIV VI Deep Multipolar Principal -> LEC LVI Multipolar Pyramidal -> LEC LIII Multipolar Principal -> LEC LIII Complex Pyramidal -> EC LIII Pyramidal Stellate -> MEC LIII Complex Pyramidal -> MEC LII Oblique Pyramidal -> MEC LV Superficial Pyramidal -> MEC LV Multipolar Pyramidal -> MEC LIII Bipolar Complex Pyramidal -> MEC LII III Pyramidal Multiform -> MEC LV Pyramidal -> DG Granule -> DG Mossy -> DG Hilar Ectopic Granule -> CA3 Pyramidal -> CA2 Pyramidal -> CA1 Radiatum Giant,,,,,,,
greedy_tree_path,MEC LIII Bipolar Complex Pyramidal,13,14,125000.90537671298,11143.044961237534,136143.95033795052,11,CA1 Radiatum Giant,MEC LIII Bipolar Complex Pyramidal -> MEC LIII Complex Pyramidal -> MEC LII Stellate -> CA3 Granule -> CA3c Pyramidal -> CA1 Pyramidal -> MEC LV VI Pyramidal Polymorphic -> EC LIV VI Deep Multipolar Principal -> LEC LVI Multipolar Pyramidal -> LEC LIII Multipolar Principal -> LEC LIII Complex Pyramidal -> EC LIII Pyramidal Stellate -> SUB CA1 Projecting Pyramidal -> CA1 Radiatum Giant,,,,,,,
greedy_tree_path,MEC LIII Complex Pyramidal,21,22,194671.9025982207,18555.545706879973,213227.44830510067,18,CA1 Radiatum Giant,MEC LIII Complex Pyramidal -> MEC LII Stellate -> CA3 Granule -> CA3c Pyramidal -> CA1 Pyramidal -> MEC LV VI Pyramidal Polymorphic -> EC LIV VI Deep Multipolar Principal -> LEC LVI Multipolar Pyramidal -> LEC LIII Multipolar Principal -> LEC LIII Complex Pyramidal -> EC LIII Pyramidal Stellate -> MEC LIII Bipolar Complex Pyramidal -> MEC LII III Pyramidal Multiform -> MEC LV Multipolar Pyramidal -> MEC LV Superficial Pyramidal -> MEC LV Pyramidal -> DG Granule -> DG Mossy -> DG Hilar Ectopic Granule -> CA3 Pyramidal -> CA2 Pyramidal -> CA1 Radiatum Giant,,,,,,,
greedy_tree_path,MEC LV Multipolar Pyramidal,21,22,194829.73796220415,18555.545706879973,213385.28366908414,18,CA1 Radiatum Giant,MEC LV Multipolar Pyramidal -> MEC LIII Complex Pyramidal -> MEC LII Stellate -> CA3 Granule -> CA3c Pyramidal -> CA1 Pyramidal -> MEC LV VI Pyramidal Polymorphic -> EC LIV VI Deep Multipolar Principal -> LEC LVI Multipolar Pyramidal -> LEC LIII Multipolar Principal -> LEC LIII Complex Pyramidal -> EC LIII Pyramidal Stellate -> MEC LIII Bipolar Complex Pyramidal -> MEC LII III Pyramidal Multiform -> MEC LV Superficial Pyramidal -> MEC LV Pyramidal -> DG Granule -> DG Mossy -> DG Hilar Ectopic Granule -> CA3 Pyramidal -> CA2 Pyramidal -> CA1 Radiatum Giant,,,,,,,
greedy_tree_path,MEC LV Pyramidal,17,18,193715.34808400166,17765.202443956012,211480.55052795768,14,CA1 Radiatum Giant,MEC LV Pyramidal -> DG Granule -> DG Mossy -> DG Hilar Ectopic Granule -> CA3c Pyramidal -> CA1 Pyramidal -> MEC LV VI Pyramidal Polymorphic -> EC LIV VI Deep Multipolar Principal -> LEC LVI Multipolar Pyramidal -> LEC LIII Multipolar Principal -> LEC LIII Complex Pyramidal -> EC LIII Pyramidal Stellate -> MEC LIII Complex Pyramidal -> MEC LII Stellate -> CA3 Granule -> CA3 Pyramidal -> CA2 Pyramidal -> CA1 Radiatum Giant,,,,,,,
greedy_tree_path,MEC LV Superficial Pyramidal,21,22,195006.64800196647,18555.545706879973,213562.19370884646,18,CA1 Radiatum Giant,MEC LV Superficial Pyramidal -> MEC LIII Complex Pyramidal -> MEC LII Stellate -> CA3 Granule -> CA3c Pyramidal -> CA1 Pyramidal -> MEC LV VI Pyramidal Polymorphic -> EC LIV VI Deep Multipolar Principal -> LEC LVI Multipolar Pyramidal -> LEC LIII Multipolar Principal -> LEC LIII Complex Pyramidal -> EC LIII Pyramidal Stellate -> MEC LIII Bipolar Complex Pyramidal -> MEC LII III Pyramidal Multiform -> MEC LV Multipolar Pyramidal -> MEC LV Pyramidal -> DG Granule -> DG Mossy -> DG Hilar Ectopic Granule -> CA3 Pyramidal -> CA2 Pyramidal -> CA1 Radiatum Giant,,,,,,,
greedy_tree_path,MEC LV VI Pyramidal Polymorphic,17,18,69767.13232928966,18069.961112617075,87837.09344190673,15,CA1 Radiatum Giant,MEC LV VI Pyramidal Polymorphic -> EC LIV VI Deep Multipolar Principal -> LEC LVI Multipolar Pyramidal -> LEC LIII Multipolar Principal -> LEC LIII Complex Pyramidal -> EC LIII Pyramidal Stellate -> CA1 Pyramidal -> EC LV Deep Pyramidal -> EC LIII V Bipolar Pyramidal -> MEC LIII Complex Pyramidal -> MEC LII Stellate -> CA3 Granule -> CA3c Pyramidal -> CA2 Pyramidal -> DG Mossy -> DG Hilar Ectopic Granule -> CA3 Pyramidal -> CA1 Radiatum Giant,,,,,,,
greedy_tree_path,SUB CA1 Projecting Pyramidal,16,17,70570.04312511656,18160.20056281097,88730.24368792752,14,CA1 Radiatum Giant,SUB CA1 Projecting Pyramidal -> CA1 Pyramidal -> MEC LV VI Pyramidal Polymorphic -> EC LIV VI Deep Multipolar Principal -> LEC LVI Multipolar Pyramidal -> LEC LIII Multipolar Principal -> LEC LIII Complex Pyramidal -> EC LIII Pyramidal Stellate -> MEC LIII Complex Pyramidal -> MEC LII Stellate -> CA3 Granule -> CA3c Pyramidal -> CA2 Pyramidal -> DG Mossy -> DG Hilar Ectopic Granule -> CA3 Pyramidal -> CA1 Radiatum Giant,,,,,,,
greedy_tree_simulated_annealing,CA1 Pyramidal,22,23,141836.23075487342,39035.92290259122,180872.15365746466,20,CA3 Granule,CA1 Pyramidal -> MEC LV VI Pyramidal Polymorphic -> EC LIV VI Deep Multipolar Principal -> LEC LVI Multipolar Pyramidal -> LEC LIII Multipolar Principal -> LEC LIII Complex Pyramidal -> EC LII III Pyramidal Tripolar -> MEC LII Stellate -> MEC LII III Pyramidal Multiform -> MEC LIII Complex Pyramidal -> EC LI II Multipolar Pyramidal -> EC LIII Stellate -> MEC LIII Bipolar Complex Pyramidal -> EC LIII V Bipolar Pyramidal -> MEC LV Pyramidal -> DG Granule -> DG Mossy -> DG Semilunar Granule -> DG Hilar Ectopic Granule -> CA3c Pyramidal -> CA2 Pyramidal -> CA3 Pyramidal -> CA3 Granule,2000.0,1.0,0.995,180872.15365746466,,,
greedy_tree_simulated_annealing,CA1 Radiatum Giant,20,21,137808.02947837068,38257.74681353083,176065.7762919015,17,CA2 Pyramidal,CA1 Radiatum Giant -> CA1 Pyramidal -> MEC LV VI Pyramidal Polymorphic -> EC LIV VI Deep Multipolar Principal -> LEC LVI Multipolar Pyramidal -> LEC LIII Multipolar Principal -> LEC LIII Complex Pyramidal -> EC LII III Pyramidal Tripolar -> MEC LII III Pyramidal Multiform -> EC LIII Pyramidal Stellate -> MEC LIII Complex Pyramidal -> EC LI II Multipolar Pyramidal -> MEC LIII Bipolar Complex Pyramidal -> MEC LII Stellate -> CA3 Granule -> CA3c Pyramidal -> DG Granule -> DG Mossy -> DG Hilar Ectopic Granule -> CA3 Pyramidal -> CA2 Pyramidal,2000.0,1.0,0.995,176065.7762919015,,,
greedy_tree_simulated_annealing,CA2 Pyramidal,23,24,137802.68190377523,39214.65025249659,177017.33215627182,21,DG Hilar Ectopic Granule,CA2 Pyramidal -> CA1 Pyramidal -> MEC LV VI Pyramidal Polymorphic -> EC LIV VI Deep Multipolar Principal -> LEC LVI Multipolar Pyramidal -> EC LIII Stellate -> MEC LIII Complex Pyramidal -> MEC LII III Pyramidal Multiform -> MEC LV Pyramidal -> MEC LIII Bipolar Complex Pyramidal -> MEC LV Multipolar Pyramidal -> EC LIII Pyramidal -> EC LIII V Bipolar Pyramidal -> LEC LIII Complex Pyramidal -> LEC LIII Multipolar Principal -> EC LI II Multipolar Pyramidal -> EC LII III Pyramidal Tripolar -> MEC LII Stellate -> CA3 Granule -> CA3 Pyramidal -> CA3c Pyramidal -> DG Granule -> DG Mossy -> DG Hilar Ectopic Granule,2000.0,1.0,0.995,177017.33215627182,,,
greedy_tree_simulated_annealing,CA3 Granule,20,21,205293.89066071133,35014.43497543727,240308.3256361486,16,CA1 Radiatum Giant,CA3 Granule -> CA3c Pyramidal -> CA1 Pyramidal -> LEC LVI Multipolar Pyramidal -> LEC LIII Complex Pyramidal -> LEC LIII Multipolar Principal -> EC LIII Stellate -> EC LII III Pyramidal Tripolar -> EC LI II Multipolar Pyramidal -> MEC LIII Bipolar Complex Pyramidal -> MEC LII Oblique Pyramidal -> MEC LV Superficial Pyramidal -> MEC LIII Complex Pyramidal -> MEC LII Stellate -> MEC LV Pyramidal -> DG Granule -> DG Mossy -> DG Hilar Ectopic Granule -> CA3 Pyramidal -> CA2 Pyramidal -> CA1 Radiatum Giant,2000.0,1.0,0.995,240308.3256361486,,,
greedy_tree_simulated_annealing,CA3 Pyramidal,14,15,173950.80273044904,36668.966412305,210619.76914275403,13,CA3 Granule,CA3 Pyramidal -> CA2 Pyramidal -> DG Mossy -> DG Hilar Ectopic Granule -> CA3c Pyramidal -> CA1 Pyramidal -> MEC LV VI Pyramidal Polymorphic -> EC LIV VI Deep Multipolar Principal -> LEC LVI Multipolar Pyramidal -> LEC LIII Multipolar Principal -> EC LI II Multipolar Pyramidal -> EC LII III Pyramidal Tripolar -> MEC LIII Complex Pyramidal -> MEC LII Stellate -> CA3 Granule,2000.0,1.0,0.995,210619.76914275403,,,
greedy_tree_simulated_annealing,CA3c Pyramidal,20,21,205532.88973738963,38952.30652169436,244485.19625908398,19,CA3 Granule,CA3c Pyramidal -> CA1 Pyramidal -> MEC LV VI Pyramidal Polymorphic -> EC LIV VI Deep Multipolar Principal -> LEC LVI Multipolar Pyramidal -> LEC LIII Multipolar Principal -> LEC LIII Complex Pyramidal -> EC LIII Pyramidal Stellate -> MEC LIII Complex Pyramidal -> EC LI II Multipolar Pyramidal -> EC LII III Pyramidal Tripolar -> MEC LII III Pyramidal Multiform -> MEC LV Superficial Pyramidal -> MEC LV Multipolar Pyramidal -> MEC LV Pyramidal -> DG Granule -> DG Mossy -> DG Hilar Ectopic Granule -> CA3 Pyramidal -> CA2 Pyramidal -> CA3 Granule,2000.0,1.0,0.995,244485.19625908398,,,
greedy_tree_simulated_annealing,DG Granule,23,24,215313.86024741374,38250.2995078023,253564.15975521604,20,CA1 Radiatum Giant,DG Granule -> DG Mossy -> DG Hilar Ectopic Granule -> CA3c Pyramidal -> CA1 Pyramidal -> MEC LV VI Pyramidal Polymorphic -> EC LIV VI Deep Multipolar Principal -> MEC LIII Complex Pyramidal -> EC LI II Multipolar Pyramidal -> EC LII III Pyramidal Tripolar -> EC LIII Stellate -> EC LIII Pyramidal -> LEC LIII Multipolar Principal -> EC LIII Pyramidal Stellate -> MEC LIII Bipolar Complex Pyramidal -> MEC LII III Pyramidal Multiform -> MEC LV Multipolar Pyramidal -> MEC LV Superficial Pyramidal -> MEC LV Pyramidal -> MEC LII Stellate -> CA3 Granule -> CA3 Pyramidal -> CA2 Pyramidal -> CA1 Radiatum Giant,2000.0,1.0,0.995,253564.15975521604,,,
greedy_tree_simulated_annealing,DG Hilar Ectopic Granule,28,29,204148.9413939303,40117.759699362425,244266.7010932927,25,CA3 Granule,DG Hilar Ectopic Granule -> CA3c Pyramidal -> CA1 Pyramidal -> LEC LVI Multipolar Pyramidal -> LEC LIII Complex Pyramidal -> EC LII III Pyramidal Tripolar -> MEC LII Oblique Pyramidal -> MEC LIII Complex Pyramidal -> EC LI II Multipolar Pyramidal -> EC LIII Stellate -> EC LIII Pyramidal -> EC LIV VI Deep Multipolar Principal -> MEC LV Multipolar Pyramidal -> MEC LV Superficial Pyramidal -> MEC LII Stellate -> MEC LV VI Pyramidal Polymorphic -> EC LV Deep Pyramidal -> EC LIII V Bipolar Pyramidal -> LEC LIII Multipolar Principal -> EC LIII Pyramidal Stellate -> MEC LIII Bipolar Complex Pyramidal -> MEC LII III Pyramidal Multiform -> MEC LV Pyramidal -> DG Granule -> DG Mossy -> DG Semilunar Granule -> CA3 Pyramidal -> CA2 Pyramidal -> CA3 Granule,2000.0,1.0,0.995,244266.7010932927,,,
greedy_tree_simulated_annealing,DG Mossy,17,18,193779.28206130338,36729.65094894621,230508.9330102496,14,CA1 Radiatum Giant,DG Mossy -> DG Granule -> DG Hilar Ectopic Granule -> CA3c Pyramidal -> CA1 Pyramidal -> MEC LV VI Pyramidal Polymorphic -> EC LIV VI Deep Multipolar Principal -> LEC LVI Multipolar Pyramidal -> LEC LIII Multipolar Principal -> EC LI II Multipolar Pyramidal -> EC LII III Pyramidal Tripolar -> EC LIII Stellate -> MEC LIII Complex Pyramidal -> MEC LII Stellate -> CA3 Granule -> CA3 Pyramidal -> CA2 Pyramidal -> CA1 Radiatum Giant,2000.0,1.0,0.995,230508.9330102496,,,
greedy_tree_simulated_annealing,DG Semilunar Granule,18,19,179349.42578634107,37630.371137796166,216979.79692413725,16,CA1 Radiatum Giant,DG Semilunar Granule -> DG Mossy -> DG Hilar Ectopic Granule -> CA3c Pyramidal -> CA1 Pyramidal -> MEC LV VI Pyramidal Polymorphic -> EC LIV VI Deep Multipolar Principal -> LEC LVI Multipolar Pyramidal -> LEC LIII Multipolar Principal -> LEC LIII Complex Pyramidal -> EC LII III Pyramidal Tripolar -> EC LI II Multipolar Pyramidal -> MEC LIII Bipolar Complex Pyramidal -> MEC LIII Complex Pyramidal -> MEC LII Stellate -> CA3 Granule -> CA3 Pyramidal -> CA2 Pyramidal -> CA1 Radiatum Giant,2000.0,1.0,0.995,216979.79692413725,,,
greedy_tree_simulated_annealing,EC LI II Multipolar Pyramidal,28,29,224137.3370579321,40077.155005381595,264214.4920633137,24,CA1 Radiatum Giant,EC LI II Multipolar Pyramidal -> MEC LIII Bipolar Complex Pyramidal -> MEC LII III Pyramidal Multiform -> MEC LV VI Pyramidal Polymorphic -> EC LV Deep Pyramidal -> LEC LIII Multipolar Principal -> LEC LIII Complex Pyramidal -> EC LII III Pyramidal Tripolar -> MEC LII Oblique Pyramidal -> MEC LIII Complex Pyramidal -> MEC LII Stellate -> CA3 Granule -> CA3c Pyramidal -> CA1 Pyramidal -> LEC LVI Multipolar Pyramidal -> EC LIII Pyramidal Stellate -> EC LIII Pyramidal -> EC LIV VI Deep Multipolar Principal -> EC LIII V Bipolar Pyramidal -> EC LIII Stellate -> MEC LV Superficial Pyramidal -> MEC LV Multipolar Pyramidal -> MEC LV Pyramidal -> DG Granule -> DG Mossy -> DG Hilar Ectopic Granule -> CA3 Pyramidal -> CA2 Pyramidal -> CA1 Radiatum Giant,2000.0,1.0,0.995,264214.4920633137,,,
greedy_tree_simulated_annealing,EC LI II Pyramidal Fan,26,27,235553.71973866248,39971.50166431591,275525.2214029784,22,CA1 Radiatum Giant,EC LI II Pyramidal Fan -> EC LI II Multipolar Pyramidal -> MEC LIII Bipolar Complex Pyramidal -> MEC LIII Complex Pyramidal -> MEC LII Stellate -> CA3 Granule -> CA3c Pyramidal -> CA1 Pyramidal -> MEC LV VI Pyramidal Polymorphic -> EC LIV VI Deep Multipolar Principal -> LEC LVI Multipolar Pyramidal -> LEC LIII Complex Pyramidal -> LEC LIII Multipolar Principal -> EC LII III Pyramidal Tripolar -> MEC LII Oblique Pyramidal -> MEC LV Superficial Pyramidal -> MEC LV Multipolar Pyramidal -> EC LIII V Bipolar Pyramidal -> EC LIII Pyramidal Stellate -> MEC LII III Pyramidal Multiform -> MEC LV Pyramidal -> DG Granule -> DG Mossy -> DG Hilar Ectopic Granule -> CA3 Pyramidal -> CA2 Pyramidal -> CA1 Radiatum Giant,2000.0,1.0,0.995,275525.2214029784,,,
greedy_tree_simulated_annealing,EC LII III Pyramidal Tripolar,25,26,230184.41211063668,39998.925405607646,270183.3375162443,22,CA1 Radiatum Giant,EC LII III Pyramidal Tripolar -> EC LI II Multipolar Pyramidal -> MEC LIII Bipolar Complex Pyramidal -> MEC LIII Complex Pyramidal -> MEC LII Stellate -> CA3 Granule -> CA3c Pyramidal -> CA1 Pyramidal -> MEC LV VI Pyramidal Polymorphic -> EC LIV VI Deep Multipolar Principal -> EC LV Deep Pyramidal -> LEC LVI Multipolar Pyramidal -> LEC LIII Multipolar Principal -> LEC LIII Complex Pyramidal -> EC LIII V Bipolar Pyramidal -> EC LIII Pyramidal Stellate -> MEC LII III Pyramidal Multiform -> MEC LV Multipolar Pyramidal -> MEC LV Superficial Pyramidal -> MEC LV Pyramidal -> DG Granule -> DG Mossy -> DG Hilar Ectopic Granule -> CA3 Pyramidal -> CA2 Pyramidal -> CA1 Radiatum Giant,2000.0,1.0,0.995,270183.3375162443,,,
greedy_tree_simulated_annealing,EC LIII Pyramidal,22,23,126011.56494845684,35868.85817779773,161880.42312625458,18,CA1 Radiatum Giant,EC LIII Pyramidal -> CA1 Pyramidal -> MEC LV VI Pyramidal Polymorphic -> EC LIV VI Deep Multipolar Principal -> MEC LV Multipolar Pyramidal -> MEC LV Pyramidal -> MEC LII Oblique Pyramidal -> MEC LIII Complex Pyramidal -> EC LI II Multipolar Pyramidal -> MEC LII III Pyramidal Multiform -> EC LIII Stellate -> LEC LIII Multipolar Principal -> EC LIII Pyramidal Stellate -> MEC LIII Bipolar Complex Pyramidal -> MEC LII Stellate -> CA3 Granule -> CA3c Pyramidal -> DG Granule -> DG Mossy -> DG Hilar Ectopic Granule -> CA3 Pyramidal -> CA2 Pyramidal -> CA1 Radiatum Giant,2000.0,1.0,0.995,161880.42312625458,,,
greedy_tree_simulated_annealing,EC LIII Pyramidal Stellate,22,23,144095.1907519902,38782.915667973924,182878.1064199641,20,CA3 Granule,EC LIII Pyramidal Stellate -> CA1 Pyramidal -> MEC LV VI Pyramidal Polymorphic -> EC LIV VI Deep Multipolar Principal -> EC LV Deep Pyramidal -> LEC LVI Multipolar Pyramidal -> LEC LIII Multipolar Principal -> EC LII III Pyramidal Tripolar -> EC LI II Multipolar Pyramidal -> MEC LIII Bipolar Complex Pyramidal -> MEC LIII Complex Pyramidal -> MEC LII Oblique Pyramidal -> MEC LV Superficial Pyramidal -> MEC LV Multipolar Pyramidal -> MEC LII III Pyramidal Multiform -> MEC LV Pyramidal -> DG Granule -> DG Mossy -> DG Hilar Ectopic Granule -> CA3c Pyramidal -> CA2 Pyramidal -> CA3 Pyramidal -> CA3 Granule,2000.0,1.0,0.995,182878.1064199641,,,
greedy_tree_simulated_annealing,EC LIII Stellate,22,23,228551.6841335061,38085.23893937758,266636.9230728837,19,CA1 Radiatum Giant,EC LIII Stellate -> MEC LIII Complex Pyramidal -> MEC LII Stellate -> CA3 Granule -> CA3c Pyramidal -> CA1 Pyramidal -> MEC LV VI Pyramidal Polymorphic -> EC LIV VI Deep Multipolar Principal -> LEC LVI Multipolar Pyramidal -> LEC LIII Multipolar Principal -> EC LII III Pyramidal Tripolar -> EC LI II Multipolar Pyramidal -> MEC LIII Bipolar Complex Pyramidal -> MEC LII III Pyramidal Multiform -> MEC LV Multipolar Pyramidal -> MEC LV Superficial Pyramidal -> MEC LV Pyramidal -> DG Granule -> DG Mossy -> DG Hilar Ectopic Granule -> CA3 Pyramidal -> CA2 Pyramidal -> CA1 Radiatum Giant,2000.0,1.0,0.995,266636.9230728837,,,
greedy_tree_simulated_annealing,EC LIII V Bipolar Pyramidal,24,25,228331.11933838757,37730.08274555887,266061.20208394644,21,CA1 Radiatum Giant,EC LIII V Bipolar Pyramidal -> LEC LIII Multipolar Principal -> EC LIII Stellate -> MEC LIII Complex Pyramidal -> MEC LII Stellate -> CA3 Granule -> CA3c Pyramidal -> CA1 Pyramidal -> MEC LV VI Pyramidal Polymorphic -> EC LV Deep Pyramidal -> LEC LVI Multipolar Pyramidal -> LEC LIII Complex Pyramidal -> EC LII III Pyramidal Tripolar -> EC LI II Multipolar Pyramidal -> MEC LIII Bipolar Complex Pyramidal -> MEC LII III Pyramidal Multiform -> MEC LV Multipolar Pyramidal -> MEC LV Superficial Pyramidal -> MEC LV Pyramidal -> DG Granule -> DG Mossy -> DG Hilar Ectopic Granule -> CA3 Pyramidal -> CA2 Pyramidal -> CA1 Radiatum Giant,2000.0,1.0,0.995,266061.20208394644,,,
greedy_tree_simulated_annealing,EC LIV VI Deep Multipolar Principal,24,25,219305.8702251474,38894.55779890485,258200.42802405223,20,CA1 Radiatum Giant,EC LIV VI Deep Multipolar Principal -> MEC LV VI Pyramidal Polymorphic -> EC LV Deep Pyramidal -> LEC LVI Multipolar Pyramidal -> LEC LIII Multipolar Principal -> EC LI II Multipolar Pyramidal -> EC LII III Pyramidal Tripolar -> MEC LII Stellate -> CA3 Granule -> CA3c Pyramidal -> CA1 Pyramidal -> EC LIII V Bipolar Pyramidal -> MEC LIII Complex Pyramidal -> MEC LII Oblique Pyramidal -> MEC LV Superficial Pyramidal -> MEC LIII Bipolar Complex Pyramidal -> MEC LII III Pyramidal Multiform -> MEC LV Multipolar Pyramidal -> MEC LV Pyramidal -> DG Granule -> DG Mossy -> DG Hilar Ectopic Granule -> CA3 Pyramidal -> CA2 Pyramidal -> CA1 Radiatum Giant,2000.0,1.0,0.995,258200.42802405223,,,
greedy_tree_simulated_annealing,EC LV Deep Pyramidal,25,26,224675.78498118595,39638.74234267038,264314.5273238563,21,CA1 Radiatum Giant,EC LV Deep Pyramidal -> MEC LV VI Pyramidal Polymorphic -> EC LIV VI Deep Multipolar Principal -> MEC LIII Complex Pyramidal -> MEC LII III Pyramidal Multiform -> MEC LV Multipolar Pyramidal -> EC LIII V Bipolar Pyramidal -> EC LII III Pyramidal Tripolar -> MEC LII Stellate -> CA3 Granule -> CA3c Pyramidal -> CA1 Pyramidal -> LEC LVI Multipolar Pyramidal -> LEC LIII Complex Pyramidal -> LEC LIII Multipolar Principal -> EC LI II Multipolar Pyramidal -> MEC LIII Bipolar Complex Pyramidal -> MEC LII Oblique Pyramidal -> MEC LV Superficial Pyramidal -> MEC LV Pyramidal -> DG Granule -> DG Mossy -> DG Hilar Ectopic Granule -> CA3 Pyramidal -> CA2 Pyramidal -> CA1 Radiatum Giant,2000.0,1.0,0.995,264314.5273238563,,,
greedy_tree_simulated_annealing,LEC LIII Complex Pyramidal,24,25,226516.46302609818,39128.922009439164,265645.38503553736,20,CA1 Radiatum Giant,LEC LIII Complex Pyramidal -> LEC LIII Multipolar Principal -> EC LI II Multipolar Pyramidal -> EC LII III Pyramidal Tripolar -> MEC LII Stellate -> CA3 Granule -> CA3c Pyramidal -> CA1 Pyramidal -> MEC LV VI Pyramidal Polymorphic -> EC LIV VI Deep Multipolar Principal -> LEC LVI Multipolar Pyramidal -> EC LIII Pyramidal Stellate -> MEC LIII Complex Pyramidal -> MEC LII Oblique Pyramidal -> MEC LV Superficial Pyramidal -> MEC LIII Bipolar Complex Pyramidal -> MEC LII III Pyramidal Multiform -> MEC LV Multipolar Pyramidal -> MEC LV Pyramidal -> DG Granule -> DG Mossy -> DG Hilar Ectopic Granule -> CA3 Pyramidal -> CA2 Pyramidal -> CA1 Radiatum Giant,2000.0,1.0,0.995,265645.38503553736,,,
greedy_tree_simulated_annealing,LEC LIII Multipolar Principal,24,25,226307.50632025066,39189.60654608038,265497.112866331,21,CA1 Radiatum Giant,LEC LIII Multipolar Principal -> EC LI II Multipolar Pyramidal -> EC LII III Pyramidal Tripolar -> EC LIII Stellate -> MEC LIII Complex Pyramidal -> MEC LII Stellate -> CA3 Granule -> CA3c Pyramidal -> CA1 Pyramidal -> MEC LV VI Pyramidal Polymorphic -> EC LIV VI Deep Multipolar Principal -> LEC LVI Multipolar Pyramidal -> LEC LIII Complex Pyramidal -> EC LIII Pyramidal Stellate -> MEC LIII Bipolar Complex Pyramidal -> MEC LII III Pyramidal Multiform -> MEC LV Multipolar Pyramidal -> MEC LV Superficial Pyramidal -> MEC LV Pyramidal -> DG Granule -> DG Mossy -> DG Hilar Ectopic Granule -> CA3 Pyramidal -> CA2 Pyramidal -> CA1 Radiatum Giant,2000.0,1.0,0.995,265497.112866331,,,
greedy_tree_simulated_annealing,LEC LVI Multipolar Pyramidal,23,24,225294.58511496847,38829.42348314311,264124.00859811157,20,CA1 Radiatum Giant,LEC LVI Multipolar Pyramidal -> LEC LIII Multipolar Principal -> EC LI II Multipolar Pyramidal -> EC LIII Stellate -> MEC LIII Bipolar Complex Pyramidal -> MEC LIII Complex Pyramidal -> MEC LII Stellate -> CA3 Granule -> CA3c Pyramidal -> CA1 Pyramidal -> MEC LV VI Pyramidal Polymorphic -> EC LIV VI Deep Multipolar Principal -> LEC LIII Complex Pyramidal -> EC LII III Pyramidal Tripolar -> MEC LII III Pyramidal Multiform -> MEC LV Multipolar Pyramidal -> MEC LV Superficial Pyramidal -> MEC LV Pyramidal -> DG Granule -> DG Mossy -> DG Hilar Ectopic Granule -> CA3 Pyramidal -> CA2 Pyramidal -> CA1 Radiatum Giant,2000.0,1.0,0.995,264124.00859811157,,,
greedy_tree_simulated_annealing,MEC LII III Pyramidal Multiform,24,25,220375.5558270011,38894.55779890485,259270.11362590594,20,CA1 Radiatum Giant,MEC LII III Pyramidal Multiform -> MEC LV VI Pyramidal Polymorphic -> EC LIV VI Deep Multipolar Principal -> LEC LVI Multipolar Pyramidal -> LEC LIII Multipolar Principal -> EC LI II Multipolar Pyramidal -> EC LII III Pyramidal Tripolar -> MEC LII Stellate -> CA3 Granule -> CA3c Pyramidal -> CA1 Pyramidal -> EC LV Deep Pyramidal -> EC LIII V Bipolar Pyramidal -> MEC LIII Complex Pyramidal -> MEC LII Oblique Pyramidal -> MEC LIII Bipolar Complex Pyramidal -> MEC LV Superficial Pyramidal -> MEC LV Multipolar Pyramidal -> MEC LV Pyramidal -> DG Granule -> DG Mossy -> DG Hilar Ectopic Granule -> CA3 Pyramidal -> CA2 Pyramidal -> CA1 Radiatum Giant,2000.0,1.0,0.995,259270.11362590594,,,
greedy_tree_simulated_annealing,MEC LII Oblique Pyramidal,26,27,227000.2340564574,39656.287405803116,266656.5214622605,22,CA1 Radiatum Giant,MEC LII Oblique Pyramidal -> MEC LIII Complex Pyramidal -> MEC LII Stellate -> CA3 Granule -> CA3c Pyramidal -> CA1 Pyramidal -> MEC LV VI Pyramidal Polymorphic -> EC LIV VI Deep Multipolar Principal -> LEC LVI Multipolar Pyramidal -> LEC LIII Multipolar Principal -> EC LIII Pyramidal -> LEC LIII Complex Pyramidal -> EC LI II Multipolar Pyramidal -> MEC LIII Bipolar Complex Pyramidal -> MEC LV Multipolar Pyramidal -> MEC LV Superficial Pyramidal -> EC LV Deep Pyramidal -> EC LIII V Bipolar Pyramidal -> EC LII III Pyramidal Tripolar -> MEC LII III Pyramidal Multiform -> MEC LV Pyramidal -> DG Granule -> DG Mossy -> DG Hilar Ectopic Granule -> CA3 Pyramidal -> CA2 Pyramidal -> CA1 Radiatum Giant,2000.0,1.0,0.995,266656.5214622605,,,
greedy_tree_simulated_annealing,MEC LII Stellate,28,29,226381.86604800614,40077.155005381595,266459.0210533877,24,CA1 Radiatum Giant,MEC LII Stellate -> CA3 Granule -> CA3c Pyramidal -> CA1 Pyramidal -> MEC LV VI Pyramidal Polymorphic -> EC LIV VI Deep Multipolar Principal -> LEC LVI Multipolar Pyramidal -> LEC LIII Multipolar Principal -> LEC LIII Complex Pyramidal -> EC LIII Pyramidal Stellate -> MEC LIII Complex Pyramidal -> MEC LII Oblique Pyramidal -> MEC LV Superficial Pyramidal -> MEC LV Multipolar Pyramidal -> MEC LIII Bipolar Complex Pyramidal -> EC LI II Multipolar Pyramidal -> EC LII III Pyramidal Tripolar -> EC LIII Stellate -> EC LIII Pyramidal -> EC LV Deep Pyramidal -> EC LIII V Bipolar Pyramidal -> MEC LII III Pyramidal Multiform -> MEC LV Pyramidal -> DG Granule -> DG Mossy -> DG Hilar Ectopic Granule -> CA3 Pyramidal -> CA2 Pyramidal -> CA1 Radiatum Giant,2000.0,1.0,0.995,266459.0210533877,,,
greedy_tree_simulated_annealing,MEC LIII Bipolar Complex Pyramidal,21,22,223817.4335880181,35807.941097020484,259625.37468503858,18,CA1 Radiatum Giant,MEC LIII Bipolar Complex Pyramidal -> MEC LIII Complex Pyramidal -> MEC LII Stellate -> CA3 Granule -> CA3c Pyramidal -> CA1 Pyramidal -> MEC LV VI Pyramidal Polymorphic -> EC LIV VI Deep Multipolar Principal -> LEC LVI Multipolar Pyramidal -> LEC LIII Multipolar Principal -> EC LI II Multipolar Pyramidal -> EC LIII Stellate -> MEC LII III Pyramidal Multiform -> MEC LV Multipolar Pyramidal -> MEC LV Superficial Pyramidal -> MEC LV Pyramidal -> DG Granule -> DG Mossy -> DG Hilar Ectopic Granule -> CA3 Pyramidal -> CA2 Pyramidal -> CA1 Radiatum Giant,2000.0,1.0,0.995,259625.37468503858,,,
greedy_tree_simulated_annealing,MEC LIII Complex Pyramidal,24,25,226323.79361347776,39189.60654608038,265513.40015955816,21,CA1 Radiatum Giant,MEC LIII Complex Pyramidal -> MEC LII Stellate -> CA3 Granule -> CA3c Pyramidal -> CA1 Pyramidal -> MEC LV VI Pyramidal Polymorphic -> EC LIV VI Deep Multipolar Principal -> LEC LVI Multipolar Pyramidal -> LEC LIII Multipolar Principal -> EC LI II Multipolar Pyramidal -> EC LII III Pyramidal Tripolar -> EC LIII Stellate -> LEC LIII Complex Pyramidal -> EC LIII Pyramidal Stellate -> MEC LIII Bipolar Complex Pyramidal -> MEC LII III Pyramidal Multiform -> MEC LV Multipolar Pyramidal -> MEC LV Superficial Pyramidal -> MEC LV Pyramidal -> DG Granule -> DG Mossy -> DG Hilar Ectopic Granule -> CA3 Pyramidal -> CA2 Pyramidal -> CA1 Radiatum Giant,2000.0,1.0,0.995,265513.40015955816,,,
greedy_tree_simulated_annealing,MEC LV Multipolar Pyramidal,27,28,226619.59207678406,40077.1550053816,266696.7470821657,24,CA1 Radiatum Giant,MEC LV Multipolar Pyramidal -> MEC LIII Complex Pyramidal -> MEC LII Stellate -> CA3 Granule -> CA3c Pyramidal -> CA1 Pyramidal -> MEC LV VI Pyramidal Polymorphic -> EC LIV VI Deep Multipolar Principal -> LEC LVI Multipolar Pyramidal -> LEC LIII Multipolar Principal -> LEC LIII Complex Pyramidal -> EC LIII Pyramidal Stellate -> MEC LIII Bipolar Complex Pyramidal -> MEC LII III Pyramidal Multiform -> EC LI II Multipolar Pyramidal -> EC LII III Pyramidal Tripolar -> EC LIII Stellate -> EC LIII Pyramidal -> EC LV Deep Pyramidal -> EC LIII V Bipolar Pyramidal -> MEC LV Superficial Pyramidal -> MEC LV Pyramidal -> DG Granule -> DG Mossy -> DG Hilar Ectopic Granule -> CA3 Pyramidal -> CA2 Pyramidal -> CA1 Radiatum Giant,2000.0,1.0,0.995,266696.7470821657,,,
greedy_tree_simulated_annealing,MEC LV Pyramidal,20,21,228989.82754591876,38553.189373623034,267543.0169195418,17,CA1 Radiatum Giant,MEC LV Pyramidal -> DG Granule -> DG Mossy -> DG Hilar Ectopic Granule -> CA3c Pyramidal -> CA1 Pyramidal -> MEC LV VI Pyramidal Polymorphic -> EC LV Deep Pyramidal -> EC LIV VI Deep Multipolar Principal -> LEC LVI Multipolar Pyramidal -> LEC LIII Multipolar Principal -> LEC LIII Complex Pyramidal -> EC LII III Pyramidal Tripolar -> EC LI II Multipolar Pyramidal -> MEC LIII Bipolar Complex Pyramidal -> MEC LIII Complex Pyramidal -> MEC LII Stellate -> CA3 Granule -> CA3 Pyramidal -> CA2 Pyramidal -> CA1 Radiatum Giant,2000.0,1.0,0.995,267543.0169195418,,,
greedy_tree_simulated_annealing,MEC LV Superficial Pyramidal,28,29,233795.18213822765,40447.90946639014,274243.0916046178,25,CA1 Radiatum Giant,MEC LV Superficial Pyramidal -> MEC LIII Complex Pyramidal -> MEC LII Stellate -> CA3 Granule -> CA3c Pyramidal -> CA1 Pyramidal -> MEC LV VI Pyramidal Polymorphic -> EC LIV VI Deep Multipolar Principal -> LEC LVI Multipolar Pyramidal -> LEC LIII Multipolar Principal -> LEC LIII Complex Pyramidal -> EC LIII Pyramidal Stellate -> MEC LIII Bipolar Complex Pyramidal -> EC LI II Pyramidal Fan -> EC LI II Multipolar Pyramidal -> EC LII III Pyramidal Tripolar -> MEC LII III Pyramidal Multiform -> MEC LV Multipolar Pyramidal -> EC LIII Stellate -> EC LIII Pyramidal -> EC LIII V Bipolar Pyramidal -> EC LV Deep Pyramidal -> MEC LV Pyramidal -> DG Granule -> DG Mossy -> DG Hilar Ectopic Granule -> CA3 Pyramidal -> CA2 Pyramidal -> CA1 Radiatum Giant,2000.0,1.0,0.995,274243.0916046178,,,
greedy_tree_simulated_annealing,MEC LV VI Pyramidal Polymorphic,27,28,223421.82195671674,40016.47046874039,263438.29242545716,23,CA1 Radiatum Giant,MEC LV VI Pyramidal Polymorphic -> EC LIV VI Deep Multipolar Principal -> LEC LIII Multipolar Principal -> EC LI II Multipolar Pyramidal -> EC LII III Pyramidal Tripolar -> MEC LII Stellate -> CA3 Granule -> CA3c Pyramidal -> CA1 Pyramidal -> LEC LVI Multipolar Pyramidal -> LEC LIII Complex Pyramidal -> EC LIII Pyramidal Stellate -> MEC LIII Complex Pyramidal -> MEC LII III Pyramidal Multiform -> MEC LV Multipolar Pyramidal -> MEC LV Superficial Pyramidal -> MEC LIII Bipolar Complex Pyramidal -> MEC LII Oblique Pyramidal -> EC LIII Pyramidal -> EC LIII V Bipolar Pyramidal -> EC LV Deep Pyramidal -> MEC LV Pyramidal -> DG Granule -> DG Mossy -> DG Hilar Ectopic Granule -> CA3 Pyramidal -> CA2 Pyramidal -> CA1 Radiatum Giant,2000.0,1.0,0.995,263438.29242545716,,,
greedy_tree_simulated_annealing,SUB CA1 Projecting Pyramidal,24,25,138340.12575374063,39883.59684206606,178223.7225958067,21,CA1 Radiatum Giant,SUB CA1 Projecting Pyramidal -> CA1 Pyramidal -> MEC LV VI Pyramidal Polymorphic -> EC LIV VI Deep Multipolar Principal -> LEC LVI Multipolar Pyramidal -> LEC LIII Multipolar Principal -> LEC LIII Complex Pyramidal -> EC LIII Pyramidal Stellate -> MEC LIII Complex Pyramidal -> EC LI II Multipolar Pyramidal -> EC LIII Stellate -> EC LIII Pyramidal -> EC LV Deep Pyramidal -> MEC LV Multipolar Pyramidal -> EC LIII V Bipolar Pyramidal -> EC LII III Pyramidal Tripolar -> MEC LII Stellate -> CA3 Granule -> CA3c Pyramidal -> DG Granule -> DG Mossy -> DG Hilar Ectopic Granule -> CA3 Pyramidal -> CA2 Pyramidal -> CA1 Radiatum Giant,2000.0,1.0,0.995,178223.7225958067,,,
maximum_spanning_tree,CA1 Pyramidal,6,7,58407.13279806113,22100.45250799231,80507.58530605344,4,CA3 Granule,CA1 Pyramidal -> CA3c Pyramidal -> DG Granule -> EC LI II Pyramidal Fan -> EC LI II Multipolar Pyramidal -> MEC LII Stellate -> CA3 Granule,,,,,,,
maximum_spanning_tree,CA1 Radiatum Giant,3,4,99174.25456563932,4769.679673203114,103943.93423884243,3,MEC LV VI Pyramidal Polymorphic,CA1 Radiatum Giant -> CA3c Pyramidal -> CA1 Pyramidal -> MEC LV VI Pyramidal Polymorphic,,,,,,,
maximum_spanning_tree,CA2 Pyramidal,3,4,101386.52098062955,6932.817961711152,108319.33894234069,4,MEC LV VI Pyramidal Polymorphic,CA2 Pyramidal -> CA3c Pyramidal -> CA1 Pyramidal -> MEC LV VI Pyramidal Polymorphic,,,,,,,
maximum_spanning_tree,CA3 Granule,7,8,111573.68975652223,23436.51259441375,135010.202350936,5,MEC LV VI Pyramidal Polymorphic,CA3 Granule -> MEC LII Stellate -> EC LI II Multipolar Pyramidal -> EC LI II Pyramidal Fan -> DG Granule -> CA3c Pyramidal -> CA1 Pyramidal -> MEC LV VI Pyramidal Polymorphic,,,,,,,
maximum_spanning_tree,CA3 Pyramidal,4,5,113853.82304223813,10211.268727408318,124065.09176964645,5,MEC LV VI Pyramidal Polymorphic,CA3 Pyramidal -> CA2 Pyramidal -> CA3c Pyramidal -> CA1 Pyramidal -> MEC LV VI Pyramidal Polymorphic,,,,,,,
maximum_spanning_tree,CA3c Pyramidal,2,3,99174.25456563932,4769.679673203114,103943.93423884243,3,MEC LV VI Pyramidal Polymorphic,CA3c Pyramidal -> CA1 Pyramidal -> MEC LV VI Pyramidal Polymorphic,,,,,,,
maximum_spanning_tree,DG Granule,3,4,100976.7660440129,4769.679673203114,105746.445717216,3,MEC LV VI Pyramidal Polymorphic,DG Granule -> CA3c Pyramidal -> CA1 Pyramidal -> MEC LV VI Pyramidal Polymorphic,,,,,,,
maximum_spanning_tree,DG Hilar Ectopic Granule,4,5,100976.7660440129,4770.601054283241,105747.36709829613,4,MEC LV VI Pyramidal Polymorphic,DG Hilar Ectopic Granule -> DG Granule -> CA3c Pyramidal -> CA1 Pyramidal -> MEC LV VI Pyramidal Polymorphic,,,,,,,
maximum_spanning_tree,DG Mossy,4,5,101945.01634302066,6520.940327236026,108465.95667025668,4,MEC LV VI Pyramidal Polymorphic,DG Mossy -> DG Granule -> CA3c Pyramidal -> CA1 Pyramidal -> MEC LV VI Pyramidal Polymorphic,,,,,,,
maximum_spanning_tree,DG Semilunar Granule,5,6,107100.12214180779,6561.545021216854,113661.66716302464,5,MEC LV VI Pyramidal Polymorphic,DG Semilunar Granule -> DG Mossy -> DG Granule -> CA3c Pyramidal -> CA1 Pyramidal -> MEC LV VI Pyramidal Polymorphic,,,,,,,
maximum_spanning_tree,EC LI II Multipolar Pyramidal,5,6,110393.82015762746,23436.51259441375,133830.3327520412,5,MEC LV VI Pyramidal Polymorphic,EC LI II Multipolar Pyramidal -> EC LI II Pyramidal Fan -> DG Granule -> CA3c Pyramidal -> CA1 Pyramidal -> MEC LV VI Pyramidal Polymorphic,,,,,,,
maximum_spanning_tree,EC LI II Pyramidal Fan,4,5,107708.62026478983,5140.434134211655,112849.05439900148,4,MEC LV VI Pyramidal Polymorphic,EC LI II Pyramidal Fan -> DG Granule -> CA3c Pyramidal -> CA1 Pyramidal -> MEC LV VI Pyramidal Polymorphic,,,,,,,
maximum_spanning_tree,EC LII III Pyramidal Tripolar,6,7,114610.21586127703,25713.810436770855,140324.0262980479,6,MEC LV VI Pyramidal Polymorphic,EC LII III Pyramidal Tripolar -> EC LI II Multipolar Pyramidal -> EC LI II Pyramidal Fan -> DG Granule -> CA3c Pyramidal -> CA1 Pyramidal -> MEC LV VI Pyramidal Polymorphic,,,,,,,
maximum_spanning_tree,EC LIII Pyramidal,6,7,110393.82015762746,23454.05765754649,133847.87781517394,6,MEC LV VI Pyramidal Polymorphic,EC LIII Pyramidal -> EC LI II Multipolar Pyramidal -> EC LI II Pyramidal Fan -> DG Granule -> CA3c Pyramidal -> CA1 Pyramidal -> MEC LV VI Pyramidal Polymorphic,,,,,,,
maximum_spanning_tree,EC LIII Pyramidal Stellate,6,7,110393.82015762746,23796.69565735102,134190.51581497848,6,MEC LV VI Pyramidal Polymorphic,EC LIII Pyramidal Stellate -> EC LI II Multipolar Pyramidal -> EC LI II Pyramidal Fan -> DG Granule -> CA3c Pyramidal -> CA1 Pyramidal -> MEC LV VI Pyramidal Polymorphic,,,,,,,
maximum_spanning_tree,EC LIII Stellate,6,7,110393.82015762746,23497.197131054967,133891.01728868243,6,MEC LV VI Pyramidal Polymorphic,EC LIII Stellate -> EC LI II Multipolar Pyramidal -> EC LI II Pyramidal Fan -> DG Granule -> CA3c Pyramidal -> CA1 Pyramidal -> MEC LV VI Pyramidal Polymorphic,,,,,,,
maximum_spanning_tree,EC LIII V Bipolar Pyramidal,6,7,110393.82015762746,23908.33778828195,134302.15794590942,6,MEC LV VI Pyramidal Polymorphic,EC LIII V Bipolar Pyramidal -> EC LI II Multipolar Pyramidal -> EC LI II Pyramidal Fan -> DG Granule -> CA3c Pyramidal -> CA1 Pyramidal -> MEC LV VI Pyramidal Polymorphic,,,,,,,
maximum_spanning_tree,EC LIV VI Deep Multipolar Principal,7,8,58407.13279806113,24069.796641745033,82476.92943980616,5,CA3 Granule,EC LIV VI Deep Multipolar Principal -> CA1 Pyramidal -> CA3c Pyramidal -> DG Granule -> EC LI II Pyramidal Fan -> EC LI II Multipolar Pyramidal -> MEC LII Stellate -> CA3 Granule,,,,,,,
maximum_spanning_tree,EC LV Deep Pyramidal,7,8,58407.13279806113,22498.630710292593,80905.76350835373,5,CA3 Granule,EC LV Deep Pyramidal -> CA1 Pyramidal -> CA3c Pyramidal -> DG Granule -> EC LI II Pyramidal Fan -> EC LI II Multipolar Pyramidal -> MEC LII Stellate -> CA3 Granule,,,,,,,
maximum_spanning_tree,LEC LIII Complex Pyramidal,6,7,110638.43602772972,24180.697138179286,134819.133165909,6,MEC LV VI Pyramidal Polymorphic,LEC LIII Complex Pyramidal -> EC LI II Multipolar Pyramidal -> EC LI II Pyramidal Fan -> DG Granule -> CA3c Pyramidal -> CA1 Pyramidal -> MEC LV VI Pyramidal Polymorphic,,,,,,,
maximum_spanning_tree,LEC LIII Multipolar Principal,6,7,110933.27198527945,23932.92217923205,134866.19416451151,6,MEC LV VI Pyramidal Polymorphic,LEC LIII Multipolar Principal -> EC LI II Multipolar Pyramidal -> EC LI II Pyramidal Fan -> DG Granule -> CA3c Pyramidal -> CA1 Pyramidal -> MEC LV VI Pyramidal Polymorphic,,,,,,,
maximum_spanning_tree,LEC LVI Multipolar Pyramidal,7,8,58407.13279806113,22313.120065637602,80720.25286369873,5,CA3 Granule,LEC LVI Multipolar Pyramidal -> CA1 Pyramidal -> CA3c Pyramidal -> DG Granule -> EC LI II Pyramidal Fan -> EC LI II Multipolar Pyramidal -> MEC LII Stellate -> CA3 Granule,,,,,,,
maximum_spanning_tree,MEC LII III Pyramidal Multiform,6,7,110497.64468019406,23744.30990119198,134241.95458138603,6,MEC LV VI Pyramidal Polymorphic,MEC LII III Pyramidal Multiform -> EC LI II Multipolar Pyramidal -> EC LI II Pyramidal Fan -> DG Granule -> CA3c Pyramidal -> CA1 Pyramidal -> MEC LV VI Pyramidal Polymorphic,,,,,,,
maximum_spanning_tree,MEC LII Oblique Pyramidal,6,7,110393.82015762746,23436.51259441375,133830.3327520412,5,MEC LV VI Pyramidal Polymorphic,MEC LII Oblique Pyramidal -> EC LI II Multipolar Pyramidal -> EC LI II Pyramidal Fan -> DG Granule -> CA3c Pyramidal -> CA1 Pyramidal -> MEC LV VI Pyramidal Polymorphic,,,,,,,
maximum_spanning_tree,MEC LII Stellate,6,7,111573.68975652223,23436.51259441375,135010.202350936,5,MEC LV VI Pyramidal Polymorphic,MEC LII Stellate -> EC LI II Multipolar Pyramidal -> EC LI II Pyramidal Fan -> DG Granule -> CA3c Pyramidal -> CA1 Pyramidal -> MEC LV VI Pyramidal Polymorphic,,,,,,,
maximum_spanning_tree,MEC LIII Bipolar Complex Pyramidal,6,7,110504.660577025,23613.128082158564,134117.78865918357,6,MEC LV VI Pyramidal Polymorphic,MEC LIII Bipolar Complex Pyramidal -> EC LI II Multipolar Pyramidal -> EC LI II Pyramidal Fan -> DG Granule -> CA3c Pyramidal -> CA1 Pyramidal -> MEC LV VI Pyramidal Polymorphic,,,,,,,
maximum_spanning_tree,MEC LIII Complex Pyramidal,6,7,110945.87340362713,24890.23066542188,135836.104069049,6,MEC LV VI Pyramidal Polymorphic,MEC LIII Complex Pyramidal -> EC LI II Multipolar Pyramidal -> EC LI II Pyramidal Fan -> DG Granule -> CA3c Pyramidal -> CA1 Pyramidal -> MEC LV VI Pyramidal Polymorphic,,,,,,,
maximum_spanning_tree,MEC LV Multipolar Pyramidal,7,8,58407.13279806113,22302.239488745774,80709.3722868069,5,CA3 Granule,MEC LV Multipolar Pyramidal -> CA1 Pyramidal -> CA3c Pyramidal -> DG Granule -> EC LI II Pyramidal Fan -> EC LI II Multipolar Pyramidal -> MEC LII Stellate -> CA3 Granule,,,,,,,
maximum_spanning_tree,MEC LV Pyramidal,4,5,110545.50294065647,5334.924400710527,115880.427341367,4,MEC LV VI Pyramidal Polymorphic,MEC LV Pyramidal -> DG Granule -> CA3c Pyramidal -> CA1 Pyramidal -> MEC LV VI Pyramidal Polymorphic,,,,,,,
maximum_spanning_tree,MEC LV Superficial Pyramidal,7,8,58407.13279806113,22204.595995639775,80611.72879370091,5,CA3 Granule,MEC LV Superficial Pyramidal -> CA1 Pyramidal -> CA3c Pyramidal -> DG Granule -> EC LI II Pyramidal Fan -> EC LI II Multipolar Pyramidal -> MEC LII Stellate -> CA3 Granule,,,,,,,
maximum_spanning_tree,MEC LV VI Pyramidal Polymorphic,7,8,58407.13279806113,23436.512594413754,81843.6453924749,5,CA3 Granule,MEC LV VI Pyramidal Polymorphic -> CA1 Pyramidal -> CA3c Pyramidal -> DG Granule -> EC LI II Pyramidal Fan -> EC LI II Multipolar Pyramidal -> MEC LII Stellate -> CA3 Granule,,,,,,,
maximum_spanning_tree,SUB CA1 Projecting Pyramidal,7,8,58513.34136166145,23060.695354354684,81574.03671601613,5,CA3 Granule,SUB CA1 Projecting Pyramidal -> CA1 Pyramidal -> CA3c Pyramidal -> DG Granule -> EC LI II Pyramidal Fan -> EC LI II Multipolar Pyramidal -> MEC LII Stellate -> CA3 Granule,,,,,,,
branch_and_bound,CA1 Pyramidal,27,28,142391.48309710654,40384.370672723504,182775.85376983005,25,CA3 Granule,CA1 Pyramidal -> MEC LV VI Pyramidal Polymorphic -> EC LIV VI Deep Multipolar Principal -> MEC LIII Complex Pyramidal -> EC LI II Multipolar Pyramidal -> EC LII III Pyramidal Tripolar -> MEC LII Stellate -> MEC LII III Pyramidal Multiform -> MEC LV Pyramidal -> MEC LV Multipolar Pyramidal -> EC LIII V Bipolar Pyramidal -> LEC LIII Multipolar Principal -> LEC LIII Complex Pyramidal -> EC LIII Pyramidal Stellate -> EC LIII Pyramidal -> EC LV Deep Pyramidal -> LEC LVI Multipolar Pyramidal -> EC LIII Stellate -> MEC LIII Bipolar Complex Pyramidal -> EC LI II Pyramidal Fan -> DG Granule -> DG Mossy -> DG Semilunar Granule -> DG Hilar Ectopic Granule -> CA3 Pyramidal -> CA3c Pyramidal -> CA2 Pyramidal -> CA3 Granule,,,,,50000.0,node_limit,
branch_and_bound,CA1 Radiatum Giant,28,29,142444.0091653832,40384.370672723504,182828.37983810672,25,CA3 Granule,CA1 Radiatum Giant -> CA1 Pyramidal -> MEC LV VI Pyramidal Polymorphic -> EC LIV VI Deep Multipolar Principal -> MEC LIII Complex Pyramidal -> EC LI II Multipolar Pyramidal -> EC LII III Pyramidal Tripolar -> MEC LII Stellate -> MEC LII III Pyramidal Multiform -> MEC LV Pyramidal -> MEC LV Multipolar Pyramidal -> EC LIII V Bipolar Pyramidal -> LEC LIII Multipolar Principal -> LEC LIII Complex Pyramidal -> EC LIII Pyramidal Stellate -> EC LIII Pyramidal -> EC LV Deep Pyramidal -> LEC LVI Multipolar Pyramidal -> EC LIII Stellate -> MEC LIII Bipolar Complex Pyramidal -> EC LI II Pyramidal Fan -> DG Granule -> DG Mossy -> DG Semilunar Granule -> DG Hilar Ectopic Granule -> CA3 Pyramidal -> CA3c Pyramidal -> CA2 Pyramidal -> CA3 Granule,,,,,50000.0,node_limit,
branch_and_bound,CA2 Pyramidal,14,15,136330.67939588334,36000.493963822235,172331.17335970557,12,DG Hilar Ectopic Granule,CA2 Pyramidal -> CA1 Pyramidal -> MEC LV VI Pyramidal Polymorphic -> EC LIV VI Deep Multipolar Principal -> MEC LIII Complex Pyramidal -> EC LI II Multipolar Pyramidal -> EC LII III Pyramidal Tripolar -> MEC LII Stellate -> CA3 Granule -> CA3 Pyramidal -> CA3c Pyramidal -> DG Granule -> DG Mossy -> DG Semilunar Granule -> DG Hilar Ectopic Granule,,,,,50000.0,node_limit,
branch_and_bound,CA3 Granule,30,31,132976.05921073907,40488.514160370956,173464.57337111002,26,CA1 Radiatum Giant,CA3 Granule -> CA3 Pyramidal -> CA2 Pyramidal -> CA1 Pyramidal -> MEC LV VI Pyramidal Polymorphic -> EC LIV VI Deep Multipolar Principal -> MEC LIII Complex Pyramidal -> EC LI II Multipolar Pyramidal -> EC LII III Pyramidal Tripolar -> MEC LII Stellate -> MEC LII III Pyramidal Multiform -> MEC LV Pyramidal -> MEC LV Multipolar Pyramidal -> EC LIII V Bipolar Pyramidal -> LEC LIII Multipolar Principal -> LEC LIII Complex Pyramidal -> EC LIII Stellate -> EC LIII Pyramidal -> EC LV Deep Pyramidal -> LEC LVI Multipolar Pyramidal -> EC LIII Pyramidal Stellate -> MEC LIII Bipolar Complex Pyramidal -> MEC LII Oblique Pyramidal -> MEC LV Superficial Pyramidal -> EC LI II Pyramidal Fan -> DG Granule -> DG Mossy -> DG Semilunar Granule -> DG Hilar Ectopic Granule -> CA3c Pyramidal -> CA1 Radiatum Giant,,,,,50000.0,node_limit,
branch_and_bound,CA3 Pyramidal,14,15,142025.04161049926,36000.49396382224,178025.53557432152,12,DG Hilar Ectopic Granule,CA3 Pyramidal -> CA2 Pyramidal -> CA1 Pyramidal -> MEC LV VI Pyramidal Polymorphic -> EC LIV VI Deep Multipolar Principal -> MEC LIII Complex Pyramidal -> EC LI II Multipolar Pyramidal -> EC LII III Pyramidal Tripolar -> MEC LII Stellate -> CA3 Granule -> CA3c Pyramidal -> DG Granule -> DG Mossy -> DG Semilunar Granule -> DG Hilar Ectopic Granule,,,,,50000.0,node_limit,
branch_and_bound,CA3c Pyramidal,25,26,209047.81962947972,40306.141072949555,249353.9607024293,23,CA3 Granule,CA3c Pyramidal -> CA1 Pyramidal -> MEC LV VI Pyramidal Polymorphic -> EC LIV VI Deep Multipolar Principal -> MEC LIII Complex Pyramidal -> EC LI II Multipolar Pyramidal -> EC LII III Pyramidal Tripolar -> MEC LII Stellate -> MEC LII III Pyramidal Multiform -> MEC LV Pyramidal -> MEC LV Multipolar Pyramidal -> EC LIII V Bipolar Pyramidal -> LEC LIII Multipolar Principal -> LEC LIII Complex Pyramidal -> EC LV Deep Pyramidal -> LEC LVI Multipolar Pyramidal -> EC LIII Pyramidal Stellate -> MEC LIII Bipolar Complex Pyramidal -> EC LI II Pyramidal Fan -> DG Granule -> DG Mossy -> DG Semilunar Granule -> DG Hilar Ectopic Granule -> CA3 Pyramidal -> CA2 Pyramidal -> CA3 Granule,,,,,50000.0,node_limit,
branch_and_bound,DG Granule,14,15,136410.33945139294,35959.88926984141,172370.22872123437,11,CA1 Radiatum Giant,DG Granule -> DG Mossy -> DG Hilar Ectopic Granule -> CA3 Pyramidal -> CA2 Pyramidal -> CA1 Pyramidal -> MEC LV VI Pyramidal Polymorphic -> EC LIV VI Deep Multipolar Principal -> MEC LIII Complex Pyramidal -> EC LI II Multipolar Pyramidal -> EC LII III Pyramidal Tripolar -> MEC LII Stellate -> CA3 Granule -> CA3c Pyramidal -> CA1 Radiatum Giant,,,,,50000.0,node_limit,
branch_and_bound,DG Hilar Ectopic Granule,14,15,137436.21247444366,36000.49396382224,173436.70643826592,12,DG Semilunar Granule,DG Hilar Ectopic Granule -> CA3 Pyramidal -> CA2 Pyramidal -> CA1 Pyramidal -> MEC LV VI Pyramidal Polymorphic -> EC LIV VI Deep Multipolar Principal -> MEC LIII Complex Pyramidal -> EC LI II Multipolar Pyramidal -> EC LII III Pyramidal Tripolar -> MEC LII Stellate -> CA3 Granule -> CA3c Pyramidal -> DG Granule -> DG Mossy -> DG Semilunar Granule,,,,,50000.0,node_limit,
branch_and_bound,DG Mossy,13,14,94596.60811433128,35959.88926984141,130556.49738417269,11,DG Granule,DG Mossy -> DG Hilar Ectopic Granule -> CA3 Pyramidal -> CA2 Pyramidal -> CA1 Pyramidal -> MEC LV VI Pyramidal Polymorphic -> EC LIV VI Deep Multipolar Principal -> MEC LIII Complex Pyramidal -> EC LI II Multipolar Pyramidal -> EC LII III Pyramidal Tripolar -> MEC LII Stellate -> CA3 Granule -> CA3c Pyramidal -> DG Granule,,,,,50000.0,node_limit,
branch_and_bound,DG Semilunar Granule,14,15,99751.71391311842,36000.49396382224,135752.20787694067,12,DG Granule,DG Semilunar Granule -> DG Mossy -> DG Hilar Ectopic Granule -> CA3 Pyramidal -> CA2 Pyramidal -> CA1 Pyramidal -> MEC LV VI Pyramidal Polymorphic -> EC LIV VI Deep Multipolar Principal -> MEC LIII Complex Pyramidal -> EC LI II Multipolar Pyramidal -> EC LII III Pyramidal Tripolar -> MEC LII Stellate -> CA3 Granule -> CA3c Pyramidal -> DG Granule,,,,,50000.0,node_limit,
branch_and_bound,EC LI II Multipolar Pyramidal,27,28,139320.955254481,40384.370672723504,179705.3259272045,25,CA3 Granule,EC LI II Multipolar Pyramidal -> EC LII III Pyramidal Tripolar -> MEC LIII Complex Pyramidal -> EC LIV VI Deep Multipolar Principal -> MEC LV VI Pyramidal Polymorphic -> EC LV Deep Pyramidal -> LEC LVI Multipolar Pyramidal -> LEC LIII Complex Pyramidal -> LEC LIII Multipolar Principal -> EC LIII Pyramidal Stellate -> CA1 Pyramidal -> EC LIII V Bipolar Pyramidal -> MEC LV Pyramidal -> MEC LII Stellate -> MEC LII III Pyramidal Multiform -> MEC LV Multipolar Pyramidal -> EC LIII Pyramidal -> EC LIII Stellate -> MEC LIII Bipolar Complex Pyramidal -> EC LI II Pyramidal Fan -> DG Granule -> DG Mossy -> DG Semilunar Granule -> DG Hilar Ectopic Granule -> CA3 Pyramidal -> CA3c Pyramidal -> CA2 Pyramidal -> CA3 Granule,,,,,50000.0,node_limit,
branch_and_bound,EC LI II Pyramidal Fan,24,25,146824.0961431996,40129.52558520475,186953.62172840434,22,DG Hilar Ectopic Granule,EC LI II Pyramidal Fan -> EC LI II Multipolar Pyramidal -> EC LII III Pyramidal Tripolar -> MEC LIII Complex Pyramidal -> EC LIV VI Deep Multipolar Principal -> MEC LV VI Pyramidal Polymorphic -> EC LV Deep Pyramidal -> LEC LVI Multipolar Pyramidal -> LEC LIII Complex Pyramidal -> LEC LIII Multipolar Principal -> EC LIII Pyramidal Stellate -> CA1 Pyramidal -> EC LIII V Bipolar Pyramidal -> MEC LV Pyramidal -> MEC LV Multipolar Pyramidal -> MEC LII III Pyramidal Multiform -> MEC LII Stellate -> CA3 Granule -> CA3 Pyramidal -> CA2 Pyramidal -> CA3c Pyramidal -> DG Granule -> DG Mossy -> DG Semilunar Granule -> DG Hilar Ectopic Granule,,,,,50000.0,node_limit,
branch_and_bound,EC LII III Pyramidal Tripolar,25,26,143436.39973164137,40208.497579843555,183644.89731148494,23,CA3 Granule,EC LII III Pyramidal Tripolar -> EC LI II Multipolar Pyramidal -> MEC LIII Bipolar Complex Pyramidal -> MEC LIII Complex Pyramidal -> EC LIV VI Deep Multipolar Principal -> MEC LV VI Pyramidal Polymorphic -> EC LV Deep Pyramidal -> LEC LVI Multipolar Pyramidal -> LEC LIII Complex Pyramidal -> LEC LIII Multipolar Principal -> EC LIII Pyramidal Stellate -> CA1 Pyramidal -> EC LIII V Bipolar Pyramidal -> MEC LV Pyramidal -> MEC LII Stellate -> MEC LII III Pyramidal Multiform -> MEC LV Superficial Pyramidal -> EC LI II Pyramidal Fan -> DG Granule -> DG Mossy -> DG Semilunar Granule -> DG Hilar Ectopic Granule -> CA3 Pyramidal -> CA3c Pyramidal -> CA2 Pyramidal -> CA3 Granule,,,,,50000.0,node_limit,
branch_and_bound,EC LIII Pyramidal,27,28,142565.43617851636,40384.370672723504,182949.80685123987,25,CA3 Granule,EC LIII Pyramidal -> CA1 Pyramidal -> MEC LV VI Pyramidal Polymorphic -> EC LIV VI Deep Multipolar Principal -> MEC LIII Complex Pyramidal -> EC LI II Multipolar Pyramidal -> EC LII III Pyramidal Tripolar -> MEC LII Stellate -> MEC LII III Pyramidal Multiform -> MEC LV Pyramidal -> MEC LV Multipolar Pyramidal -> EC LIII V Bipolar Pyramidal -> LEC LIII Multipolar Principal -> LEC LIII Complex Pyramidal -> EC LV Deep Pyramidal -> LEC LVI Multipolar Pyramidal -> EC LIII Stellate -> EC LIII Pyramidal Stellate -> MEC LIII Bipolar Complex Pyramidal -> EC LI II Pyramidal Fan -> DG Granule -> DG Mossy -> DG Semilunar Granule -> DG Hilar Ectopic Granule -> CA3 Pyramidal -> CA3c Pyramidal -> CA2 Pyramidal -> CA3 Granule,,,,,50000.0,node_limit,
branch_and_bound,EC LIII Pyramidal Stellate,27,28,147267.75382427117,40384.370672723504,187652.1244969947,25,CA3 Granule,EC LIII Pyramidal Stellate -> CA1 Pyramidal -> MEC LV VI Pyramidal Polymorphic -> EC LIV VI Deep Multipolar Principal -> MEC LIII Complex Pyramidal -> EC LI II Multipolar Pyramidal -> EC LII III Pyramidal Tripolar -> MEC LII Stellate -> MEC LII III Pyramidal Multiform -> MEC LV Pyramidal -> MEC LV Multipolar Pyramidal -> EC LIII V Bipolar Pyramidal -> LEC LIII Multipolar Principal -> LEC LIII Complex Pyramidal -> EC LIII Pyramidal -> EC LV Deep Pyramidal -> LEC LVI Multipolar Pyramidal -> EC LIII Stellate -> MEC LIII Bipolar Complex Pyramidal -> EC LI II Pyramidal Fan -> DG Granule -> DG Mossy -> DG Semilunar Granule -> DG Hilar Ectopic Granule -> CA3 Pyramidal -> CA3c Pyramidal -> CA2 Pyramidal -> CA3 Granule,,,,,50000.0,node_limit,
branch_and_bound,EC LIII Stellate,27,28,143045.4115975022,40366.82560959076,183412.23720709299,24,CA3 Granule,EC LIII Stellate -> EC LII III Pyramidal Tripolar -> EC LI II Multipolar Pyramidal -> MEC LIII Bipolar Complex Pyramidal -> MEC LIII Complex Pyramidal -> EC LIV VI Deep Multipolar Principal -> MEC LV VI Pyramidal Polymorphic -> EC LV Deep Pyramidal -> LEC LVI Multipolar Pyramidal -> LEC LIII Complex Pyramidal -> LEC LIII Multipolar Principal -> EC LIII Pyramidal Stellate -> CA1 Pyramidal -> EC LIII V Bipolar Pyramidal -> MEC LV Pyramidal -> MEC LII Stellate -> MEC LII Oblique Pyramidal -> MEC LV Multipolar Pyramidal -> MEC LII III Pyramidal Multiform -> EC LI II Pyramidal Fan -> DG Granule -> DG Mossy -> DG Semilunar Granule -> DG Hilar Ectopic Granule -> CA3 Pyramidal -> CA3c Pyramidal -> CA2 Pyramidal -> CA3 Granule,,,,,50000.0,node_limit,
branch_and_bound,EC LIII V Bipolar Pyramidal,28,29,141339.69677097202,40384.370672723504,181724.06744369553,25,CA3 Granule,EC LIII V Bipolar Pyramidal -> EC LII III Pyramidal Tripolar -> EC LI II Multipolar Pyramidal -> MEC LIII Bipolar Complex Pyramidal -> MEC LIII Complex Pyramidal -> EC LIV VI Deep Multipolar Principal -> MEC LV VI Pyramidal Polymorphic -> EC LV Deep Pyramidal -> LEC LVI Multipolar Pyramidal -> LEC LIII Complex Pyramidal -> LEC LIII Multipolar Principal -> EC LIII Pyramidal Stellate -> CA1 Pyramidal -> MEC LV Multipolar Pyramidal -> MEC LV Pyramidal -> MEC LII Stellate -> MEC LII Oblique Pyramidal -> EC LIII Stellate -> EC LIII Pyramidal -> MEC LII III Pyramidal Multiform -> EC LI II Pyramidal Fan -> DG Granule -> DG Mossy -> DG Semilunar Granule -> DG Hilar Ectopic Granule -> CA3 Pyramidal -> CA3c Pyramidal -> CA2 Pyramidal -> CA3 Granule,,,,,50000.0,node_limit,
branch_and_bound,EC LIV VI Deep Multipolar Principal,29,30,153127.8545710327,40488.51416037096,193616.36873140367,26,CA1 Radiatum Giant,EC LIV VI Deep Multipolar Principal -> MEC LV VI Pyramidal Polymorphic -> EC LV Deep Pyramidal -> LEC LVI Multipolar Pyramidal -> EC LII III Pyramidal Tripolar -> EC LI II Multipolar Pyramidal -> MEC LIII Bipolar Complex Pyramidal -> MEC LIII Complex Pyramidal -> MEC LII Stellate -> CA3 Granule -> CA3 Pyramidal -> CA2 Pyramidal -> CA1 Pyramidal -> EC LIII V Bipolar Pyramidal -> LEC LIII Multipolar Principal -> LEC LIII Complex Pyramidal -> EC LIII Pyramidal Stellate -> MEC LII III Pyramidal Multiform -> MEC LV Multipolar Pyramidal -> MEC LV Superficial Pyramidal -> EC LI II Pyramidal Fan -> EC LIII Stellate -> EC LIII Pyramidal -> MEC LV Pyramidal -> DG Granule -> DG Mossy -> DG Semilunar Granule -> DG Hilar Ectopic Granule -> CA3c Pyramidal -> CA1 Radiatum Giant,,,,,50000.0,node_limit,
branch_and_bound,EC LV Deep Pyramidal,28,29,146462.55923717946,39152.45407394952,185615.01331112898,25,CA1 Radiatum Giant,EC LV Deep Pyramidal -> EC LIV VI Deep Multipolar Principal -> MEC LIII Complex Pyramidal -> EC LI II Multipolar Pyramidal -> EC LII III Pyramidal Tripolar -> MEC LII Stellate -> CA3 Granule -> CA3 Pyramidal -> CA2 Pyramidal -> CA1 Pyramidal -> LEC LVI Multipolar Pyramidal -> LEC LIII Complex Pyramidal -> LEC LIII Multipolar Principal -> EC LIII Pyramidal Stellate -> MEC LIII Bipolar Complex Pyramidal -> MEC LV Pyramidal -> MEC LV Multipolar Pyramidal -> EC LIII Pyramidal -> EC LIII V Bipolar Pyramidal -> EC LIII Stellate -> MEC LII III Pyramidal Multiform -> MEC LV Superficial Pyramidal -> EC LI II Pyramidal Fan -> DG Granule -> DG Mossy -> DG Semilunar Granule -> DG Hilar Ectopic Granule -> CA3c Pyramidal -> CA1 Radiatum Giant,,,,,50000.0,node_limit,
branch_and_bound,LEC LIII Complex Pyramidal,27,28,138878.75125225095,40384.370672723504,179263.12192497446,25,CA3 Granule,LEC LIII Complex Pyramidal -> EC LI II Multipolar Pyramidal -> EC LII III Pyramidal Tripolar -> MEC LIII Complex Pyramidal -> EC LIV VI Deep Multipolar Principal -> MEC LV VI Pyramidal Polymorphic -> EC LV Deep Pyramidal -> LEC LVI Multipolar Pyramidal -> LEC LIII Multipolar Principal -> EC LIII Pyramidal Stellate -> CA1 Pyramidal -> EC LIII V Bipolar Pyramidal -> MEC LV Pyramidal -> MEC LII Stellate -> MEC LII III Pyramidal Multiform -> MEC LV Multipolar Pyramidal -> EC LIII Pyramidal -> EC LIII Stellate -> MEC LIII Bipolar Complex Pyramidal -> EC LI II Pyramidal Fan -> DG Granule -> DG Mossy -> DG Semilunar Granule -> DG Hilar Ectopic Granule -> CA3 Pyramidal -> CA3c Pyramidal -> CA2 Pyramidal -> CA3 Granule,,,,,50000.0,node_limit,
branch_and_bound,LEC LIII Multipolar Principal,27,28,139177.5343332166,40384.370672723504,179561.90500594012,25,CA3 Granule,LEC LIII Multipolar Principal -> EC LI II Multipolar Pyramidal -> EC LII III Pyramidal Tripolar -> MEC LIII Complex Pyramidal -> EC LIV VI Deep Multipolar Principal -> MEC LV VI Pyramidal Polymorphic -> EC LV Deep Pyramidal -> LEC LVI Multipolar Pyramidal -> LEC LIII Complex Pyramidal -> EC LIII Pyramidal Stellate -> CA1 Pyramidal -> EC LIII V Bipolar Pyramidal -> MEC LV Pyramidal -> MEC LII Stellate -> MEC LII III Pyramidal Multiform -> MEC LV Multipolar Pyramidal -> EC LIII Pyramidal -> EC LIII Stellate -> MEC LIII Bipolar Complex Pyramidal -> EC LI II Pyramidal Fan -> DG Granule -> DG Mossy -> DG Semilunar Granule -> DG Hilar Ectopic Granule -> CA3 Pyramidal -> CA3c Pyramidal -> CA2 Pyramidal -> CA3 Granule,,,,,50000.0,node_limit,
branch_and_bound,LEC LVI Multipolar Pyramidal,28,29,150932.1261920267,40447.90946639012,191380.03565841683,25,CA1 Radiatum Giant,LEC LVI Multipolar Pyramidal -> EC LII III Pyramidal Tripolar -> EC LI II Multipolar Pyramidal -> MEC LIII Bipolar Complex Pyramidal -> MEC LIII Complex Pyramidal -> EC LIV VI Deep Multipolar Principal -> MEC LV VI Pyramidal Polymorphic -> EC LV Deep Pyramidal -> MEC LV Pyramidal -> DG Granule -> DG Mossy -> DG Hilar Ectopic Granule -> CA3 Pyramidal -> CA2 Pyramidal -> CA1 Pyramidal -> EC LIII V Bipolar Pyramidal -> LEC LIII Multipolar Principal -> LEC LIII Complex Pyramidal -> EC LIII Pyramidal Stellate -> EC LIII Pyramidal -> EC LIII Stellate -> MEC LII III Pyramidal Multiform -> MEC LV Multipolar Pyramidal -> MEC LV Superficial Pyramidal -> EC LI II Pyramidal Fan -> MEC LII Stellate -> CA3 Granule -> CA3c Pyramidal -> CA1 Radiatum Giant,,,,,50000.0,node_limit,
branch_and_bound,MEC LII III Pyramidal Multiform,28,29,138710.61072047858,40384.370672723504,179094.9813932021,25,CA3 Granule,MEC LII III Pyramidal Multiform -> EC LI II Multipolar Pyramidal -> EC LII III Pyramidal Tripolar -> MEC LIII Complex Pyramidal -> EC LIV VI Deep Multipolar Principal -> MEC LV VI Pyramidal Polymorphic -> EC LV Deep Pyramidal -> LEC LVI Multipolar Pyramidal -> LEC LIII Complex Pyramidal -> LEC LIII Multipolar Principal -> EC LIII Pyramidal Stellate -> CA1 Pyramidal -> EC LIII V Bipolar Pyramidal -> MEC LV Pyramidal -> MEC LII Stellate -> MEC LII Oblique Pyramidal -> MEC LV Multipolar Pyramidal -> EC LIII Pyramidal -> EC LIII Stellate -> MEC LIII Bipolar Complex Pyramidal -> EC LI II Pyramidal Fan -> DG Granule -> DG Mossy -> DG Semilunar Granule -> DG Hilar Ectopic Granule -> CA3 Pyramidal -> CA3c Pyramidal -> CA2 Pyramidal -> CA3 Granule,,,,,50000.0,node_limit,
branch_and_bound,MEC LII Oblique Pyramidal,23,24,143640.1286262456,39425.80232440933,183065.93095065493,20,DG Hilar Ectopic Granule,MEC LII Oblique Pyramidal -> EC LII III Pyramidal Tripolar -> EC LI II Multipolar Pyramidal -> MEC LIII Bipolar Complex Pyramidal -> MEC LIII Complex Pyramidal -> EC LIV VI Deep Multipolar Principal -> MEC LV VI Pyramidal Polymorphic -> EC LV Deep Pyramidal -> LEC LVI Multipolar Pyramidal -> LEC LIII Complex Pyramidal -> LEC LIII Multipolar Principal -> EC LIII Pyramidal Stellate -> CA1 Pyramidal -> EC LIII V Bipolar Pyramidal -> MEC LV Pyramidal -> MEC LII Stellate -> CA3 Granule -> CA3 Pyramidal -> CA2 Pyramidal -> CA3c Pyramidal -> DG Granule -> DG Mossy -> DG Semilunar Granule -> DG Hilar Ectopic Granule,,,,,50000.0,node_limit,
branch_and_bound,MEC LII Stellate,29,30,149338.7734047906,40488.51416037096,189827.2875651616,26,CA1 Radiatum Giant,MEC LII Stellate -> CA3 Granule -> CA3 Pyramidal -> CA2 Pyramidal -> CA1 Pyramidal -> MEC LV VI Pyramidal Polymorphic -> EC LIV VI Deep Multipolar Principal -> MEC LIII Complex Pyramidal -> EC LI II Multipolar Pyramidal -> EC LII III Pyramidal Tripolar -> EC LIII Stellate -> LEC LIII Complex Pyramidal -> LEC LIII Multipolar Principal -> EC LIII Pyramidal Stellate -> MEC LIII Bipolar Complex Pyramidal -> MEC LV Pyramidal -> MEC LV Multipolar Pyramidal -> EC LIII V Bipolar Pyramidal -> EC LV Deep Pyramidal -> LEC LVI Multipolar Pyramidal -> EC LIII Pyramidal -> MEC LII III Pyramidal Multiform -> MEC LV Superficial Pyramidal -> EC LI II Pyramidal Fan -> DG Granule -> DG Mossy -> DG Semilunar Granule -> DG Hilar Ectopic Granule -> CA3c Pyramidal -> CA1 Radiatum Giant,,,,,50000.0,node_limit,
branch_and_bound,MEC LIII Bipolar Complex Pyramidal,25,26,139114.29009598953,40208.497579843555,179322.7876758331,23,CA3 Granule,MEC LIII Bipolar Complex Pyramidal -> EC LI II Multipolar Pyramidal -> EC LII III Pyramidal Tripolar -> MEC LIII Complex Pyramidal -> EC LIV VI Deep Multipolar Principal -> MEC LV VI Pyramidal Polymorphic -> EC LV Deep Pyramidal -> LEC LVI Multipolar Pyramidal -> LEC LIII Complex Pyramidal -> LEC LIII Multipolar Principal -> EC LIII Pyramidal Stellate -> CA1 Pyramidal -> EC LIII V Bipolar Pyramidal -> MEC LV Pyramidal -> MEC LII Stellate -> MEC LII III Pyramidal Multiform -> MEC LV Superficial Pyramidal -> EC LI II Pyramidal Fan -> DG Granule -> DG Mossy -> DG Semilunar Granule -> DG Hilar Ectopic Granule -> CA3 Pyramidal -> CA3c Pyramidal -> CA2 Pyramidal -> CA3 Granule,,,,,50000.0,node_limit,
branch_and_bound,MEC LIII Complex Pyramidal,29,30,150214.68984781927,40488.51416037096,190703.20400819025,26,CA1 Radiatum Giant,MEC LIII Complex Pyramidal -> EC LI II Multipolar Pyramidal -> EC LII III Pyramidal Tripolar -> MEC LII Stellate -> CA3 Granule -> CA3 Pyramidal -> CA2 Pyramidal -> CA1 Pyramidal -> MEC LV VI Pyramidal Polymorphic -> EC LIV VI Deep Multipolar Principal -> LEC LVI Multipolar Pyramidal -> LEC LIII Complex Pyramidal -> LEC LIII Multipolar Principal -> EC LIII Pyramidal Stellate -> MEC LIII Bipolar Complex Pyramidal -> MEC LV Pyramidal -> MEC LV Multipolar Pyramidal -> EC LIII Pyramidal -> EC LV Deep Pyramidal -> EC LIII V Bipolar Pyramidal -> EC LIII Stellate -> MEC LII III Pyramidal Multiform -> MEC LV Superficial Pyramidal -> EC LI II Pyramidal Fan -> DG Granule -> DG Mossy -> DG Semilunar Granule -> DG Hilar Ectopic Granule -> CA3c Pyramidal -> CA1 Radiatum Giant,,,,,50000.0,node_limit,
branch_and_bound,MEC LV Multipolar Pyramidal,28,29,142947.83434737986,40384.370672723504,183332.20502010337,25,CA3 Granule,MEC LV Multipolar Pyramidal -> EC LII III Pyramidal Tripolar -> EC LI II Multipolar Pyramidal -> MEC LIII Bipolar Complex Pyramidal -> MEC LIII Complex Pyramidal -> EC LIV VI Deep Multipolar Principal -> MEC LV VI Pyramidal Polymorphic -> EC LV Deep Pyramidal -> LEC LVI Multipolar Pyramidal -> LEC LIII Complex Pyramidal -> LEC LIII Multipolar Principal -> EC LIII Pyramidal Stellate -> CA1 Pyramidal -> EC LIII V Bipolar Pyramidal -> MEC LV Pyramidal -> MEC LII Stellate -> MEC LII Oblique Pyramidal -> EC LIII Stellate -> EC LIII Pyramidal -> MEC LII III Pyramidal Multiform -> EC LI II Pyramidal Fan -> DG Granule -> DG Mossy -> DG Semilunar Granule -> DG Hilar Ectopic Granule -> CA3 Pyramidal -> CA3c Pyramidal -> CA2 Pyramidal -> CA3 Granule,,,,,50000.0,node_limit,
branch_and_bound,MEC LV Pyramidal,25,26,142071.22939737912,40104.354092196096,182175.58348957522,22,CA1 Radiatum Giant,MEC LV Pyramidal -> EC LI II Multipolar Pyramidal -> EC LII III Pyramidal Tripolar -> MEC LIII Complex Pyramidal -> EC LIV VI Deep Multipolar Principal -> MEC LV VI Pyramidal Polymorphic -> EC LV Deep Pyramidal -> LEC LVI Multipolar Pyramidal -> LEC LIII Complex Pyramidal -> LEC LIII Multipolar Principal -> EC LIII Pyramidal Stellate -> CA1 Pyramidal -> EC LIII V Bipolar Pyramidal -> MEC LIII Bipolar Complex Pyramidal -> MEC LII III Pyramidal Multiform -> EC LI II Pyramidal Fan -> MEC LII Stellate -> CA3 Granule -> CA3c Pyramidal -> DG Granule -> DG Mossy -> DG Semilunar Granule -> DG Hilar Ectopic Granule -> CA3 Pyramidal -> CA2 Pyramidal -> CA1 Radiatum Giant,,,,,50000.0,node_limit,
branch_and_bound,MEC LV Superficial Pyramidal,25,26,138940.71176624837,40208.497579843555,179149.20934609193,23,CA3 Granule,MEC LV Superficial Pyramidal -> EC LI II Multipolar Pyramidal -> EC LII III Pyramidal Tripolar -> MEC LIII Complex Pyramidal -> EC LIV VI Deep Multipolar Principal -> MEC LV VI Pyramidal Polymorphic -> EC LV Deep Pyramidal -> LEC LVI Multipolar Pyramidal -> LEC LIII Complex Pyramidal -> LEC LIII Multipolar Principal -> EC LIII Pyramidal Stellate -> CA1 Pyramidal -> EC LIII V Bipolar Pyramidal -> MEC LV Pyramidal -> MEC LII Stellate -> MEC LII III Pyramidal Multiform -> MEC LIII Bipolar Complex Pyramidal -> EC LI II Pyramidal Fan -> DG Granule -> DG Mossy -> DG Semilunar Granule -> DG Hilar Ectopic Granule -> CA3 Pyramidal -> CA3c Pyramidal -> CA2 Pyramidal -> CA3 Granule,,,,,50000.0,node_limit,
branch_and_bound,MEC LV VI Pyramidal Polymorphic,29,30,146400.2070278353,40488.51416037095,186888.72118820625,26,CA1 Radiatum Giant,MEC LV VI Pyramidal Polymorphic -> EC LIV VI Deep Multipolar Principal -> MEC LIII Complex Pyramidal -> EC LI II Multipolar Pyramidal -> EC LII III Pyramidal Tripolar -> MEC LII Stellate -> CA3 Granule -> CA3 Pyramidal -> CA2 Pyramidal -> CA1 Pyramidal -> LEC LVI Multipolar Pyramidal -> LEC LIII Complex Pyramidal -> LEC LIII Multipolar Principal -> EC LIII Pyramidal Stellate -> MEC LIII Bipolar Complex Pyramidal -> MEC LV Pyramidal -> MEC LV Multipolar Pyramidal -> EC LIII Pyramidal -> EC LV Deep Pyramidal -> EC LIII V Bipolar Pyramidal -> EC LIII Stellate -> MEC LII III Pyramidal Multiform -> MEC LV Superficial Pyramidal -> EC LI II Pyramidal Fan -> DG Granule -> DG Mossy -> DG Semilunar Granule -> DG Hilar Ectopic Granule -> CA3c Pyramidal -> CA1 Radiatum Giant,,,,,50000.0,node_limit,
branch_and_bound,SUB CA1 Projecting Pyramidal,28,29,142497.69166070686,41344.61351908587,183842.30517979272,26,CA3 Granule,SUB CA1 Projecting Pyramidal -> CA1 Pyramidal -> MEC LV VI Pyramidal Polymorphic -> EC LIV VI Deep Multipolar Principal -> MEC LIII Complex Pyramidal -> EC LI II Multipolar Pyramidal -> EC LII III Pyramidal Tripolar -> MEC LII Stellate -> MEC LII III Pyramidal Multiform -> MEC LV Pyramidal -> MEC LV Multipolar Pyramidal -> EC LIII V Bipolar Pyramidal -> LEC LIII Multipolar Principal -> LEC LIII Complex Pyramidal -> EC LIII Pyramidal Stellate -> EC LIII Pyramidal -> EC LV Deep Pyramidal -> LEC LVI Multipolar Pyramidal -> EC LIII Stellate -> MEC LIII Bipolar Complex Pyramidal -> EC LI II Pyramidal Fan -> DG Granule -> DG Mossy -> DG Semilunar Granule -> DG Hilar Ectopic Granule -> CA3 Pyramidal -> CA3c Pyramidal -> CA2 Pyramidal -> CA3 Granule,,,,,50000.0,node_limit,
dynamic_programming,CA1 Pyramidal,4,5,45532.39432756245,23756.414865184834,69288.80919274729,5,MEC LIII Bipolar Complex Pyramidal,CA1 Pyramidal -> LEC LVI Multipolar Pyramidal -> EC LII III Pyramidal Tripolar -> EC LI II Multipolar Pyramidal -> MEC LIII Bipolar Complex Pyramidal,,,,,,,beam_width_5000
dynamic_programming,CA1 Radiatum Giant,5,6,45584.92039583912,23756.414865184834,69341.33526102395,5,MEC LIII Bipolar Complex Pyramidal,CA1 Radiatum Giant -> CA1 Pyramidal -> LEC LVI Multipolar Pyramidal -> EC LII III Pyramidal Tripolar -> EC LI II Multipolar Pyramidal -> MEC LIII Bipolar Complex Pyramidal,,,,,,,beam_width_5000
dynamic_programming,CA2 Pyramidal,5,6,145723.68374686144,7913.263256830038,153636.9470036915,5,DG Mossy,CA2 Pyramidal -> CA3c Pyramidal -> CA1 Pyramidal -> MEC LV Pyramidal -> DG Granule -> DG Mossy,,,,,,,beam_width_5000
dynamic_programming,CA3 Granule,6,7,150286.63799014583,9028.575734019169,159315.213724165,5,DG Mossy,CA3 Granule -> CA3 Pyramidal -> CA3c Pyramidal -> CA1 Pyramidal -> MEC LV Pyramidal -> DG Granule -> DG Mossy,,,,,,,beam_width_5000
dynamic_programming,CA3 Pyramidal,5,6,150285.69597126252,9028.575734019169,159314.2717052817,5,DG Mossy,CA3 Pyramidal -> CA3c Pyramidal -> CA1 Pyramidal -> MEC LV Pyramidal -> DG Granule -> DG Mossy,,,,,,,beam_width_5000
dynamic_programming,CA3c Pyramidal,5,6,131142.00409094422,24396.278934730974,155538.2830256752,6,MEC LIII Bipolar Complex Pyramidal,CA3c Pyramidal -> CA1 Pyramidal -> LEC LVI Multipolar Pyramidal -> EC LII III Pyramidal Tripolar -> EC LI II Multipolar Pyramidal -> MEC LIII Bipolar Complex Pyramidal,,,,,,,beam_width_5000
dynamic_programming,DG Granule,5,6,146202.77389131868,6521.8617083161525,152724.63559963484,5,MEC LV VI Pyramidal Polymorphic,DG Granule -> DG Mossy -> DG Hilar Ectopic Granule -> CA3c Pyramidal -> CA1 Pyramidal -> MEC LV VI Pyramidal Polymorphic,,,,,,,beam_width_5000
dynamic_programming,DG Hilar Ectopic Granule,6,7,150285.70927480108,9029.497115099295,159315.20638990038,6,DG Mossy,DG Hilar Ectopic Granule -> CA3 Pyramidal -> CA3c Pyramidal -> CA1 Pyramidal -> MEC LV Pyramidal -> DG Granule -> DG Mossy,,,,,,,beam_width_5000
dynamic_programming,DG Mossy,6,7,121056.5566053093,26323.501270881196,147380.0578761905,6,EC LII III Pyramidal Tripolar,DG Mossy -> DG Granule -> CA3c Pyramidal -> CA1 Pyramidal -> MEC LV Pyramidal -> EC LI II Multipolar Pyramidal -> EC LII III Pyramidal Tripolar,,,,,,,beam_width_5000
dynamic_programming,DG Semilunar Granule,6,7,150349.91474987887,9069.180427999996,159419.09517787886,6,DG Mossy,DG Semilunar Granule -> CA3 Pyramidal -> CA3c Pyramidal -> CA1 Pyramidal -> MEC LV Pyramidal -> DG Granule -> DG Mossy,,,,,,,beam_width_5000
dynamic_programming,EC LI II Multipolar Pyramidal,4,5,129387.09715552849,21729.698046983773,151116.79520251226,3,CA1 Pyramidal,EC LI II Multipolar Pyramidal -> MEC LII Stellate -> CA3 Granule -> CA3c Pyramidal -> CA1 Pyramidal,,,,,,,beam_width_5000
dynamic_programming,EC LI II Pyramidal Fan,4,5,117456.23332964274,3805.2954288703413,121261.52875851309,4,CA1 Pyramidal,EC LI II Pyramidal Fan -> DG Granule -> DG Hilar Ectopic Granule -> CA3c Pyramidal -> CA1 Pyramidal,,,,,,,beam_width_5000
dynamic_programming,EC LII III Pyramidal Tripolar,4,5,113531.91343162605,5711.838810218902,119243.75224184495,4,CA1 Pyramidal,EC LII III Pyramidal Tripolar -> DG Granule -> DG Hilar Ectopic Granule -> CA3c Pyramidal -> CA1 Pyramidal,,,,,,,beam_width_5000
dynamic_programming,EC LIII Pyramidal,4,5,96993.61823825716,4016.4093774218227,101010.02761567898,4,CA1 Pyramidal,EC LIII Pyramidal -> MEC LV Pyramidal -> DG Granule -> CA3c Pyramidal -> CA1 Pyramidal,,,,,,,beam_width_5000
dynamic_programming,EC LIII Pyramidal Stellate,4,5,90474.29632285325,6071.100492076042,96545.39681492929,4,CA1 Pyramidal,EC LIII Pyramidal Stellate -> EC LII III Pyramidal Tripolar -> DG Granule -> CA3c Pyramidal -> CA1 Pyramidal,,,,,,,beam_width_5000
dynamic_programming,EC LIII Stellate,4,5,90289.4715648583,5771.601965779988,96061.07353063828,4,CA1 Pyramidal,EC LIII Stellate -> EC LII III Pyramidal Tripolar -> DG Granule -> CA3c Pyramidal -> CA1 Pyramidal,,,,,,,beam_width_5000
dynamic_programming,EC LIII V Bipolar Pyramidal,4,5,97206.87989814453,4470.689508157284,101677.56940630182,4,CA1 Pyramidal,EC LIII V Bipolar Pyramidal -> MEC LV Pyramidal -> DG Granule -> CA3c Pyramidal -> CA1 Pyramidal,,,,,,,beam_width_5000
dynamic_programming,EC LIV VI Deep Multipolar Principal,4,5,97459.9354324922,5968.208448041807,103428.14388053401,4,CA1 Pyramidal,EC LIV VI Deep Multipolar Principal -> MEC LV Pyramidal -> DG Granule -> CA3c Pyramidal -> CA1 Pyramidal,,,,,,,beam_width_5000
dynamic_programming,EC LV Deep Pyramidal,4,5,97153.2542367543,4397.042516589369,101550.29675334367,4,CA1 Pyramidal,EC LV Deep Pyramidal -> MEC LV Pyramidal -> DG Granule -> CA3c Pyramidal -> CA1 Pyramidal,,,,,,,beam_width_5000
dynamic_programming,LEC LIII Complex Pyramidal,4,5,76815.35255908476,23068.82150035764,99884.17405944239,4,DG Mossy,LEC LIII Complex Pyramidal -> EC LI II Multipolar Pyramidal -> EC LII III Pyramidal Tripolar -> DG Granule -> DG Mossy,,,,,,,beam_width_5000
dynamic_programming,LEC LIII Multipolar Principal,4,5,77110.18851663449,22821.046541410407,99931.2350580449,4,DG Mossy,LEC LIII Multipolar Principal -> EC LI II Multipolar Pyramidal -> EC LII III Pyramidal Tripolar -> DG Granule -> DG Mossy,,,,,,,beam_width_5000
dynamic_programming,LEC LVI Multipolar Pyramidal,4,5,90268.64355266205,5923.584986784065,96192.2285394461,4,CA1 Pyramidal,LEC LVI Multipolar Pyramidal -> EC LII III Pyramidal Tripolar -> DG Granule -> CA3c Pyramidal -> CA1 Pyramidal,,,,,,,beam_width_5000
dynamic_programming,MEC LII III Pyramidal Multiform,4,5,105560.6600470898,3741.416893559902,109302.0769406497,3,CA1 Pyramidal,MEC LII III Pyramidal Multiform -> MEC LII Stellate -> CA3 Granule -> CA3c Pyramidal -> CA1 Pyramidal,,,,,,,beam_width_5000
dynamic_programming,MEC LII Oblique Pyramidal,4,5,90231.62893970466,5710.917429138775,95942.54636884344,3,CA1 Pyramidal,MEC LII Oblique Pyramidal -> EC LII III Pyramidal Tripolar -> DG Granule -> CA3c Pyramidal -> CA1 Pyramidal,,,,,,,beam_width_5000
dynamic_programming,MEC LII Stellate,4,5,118817.21194184356,4769.679673203114,123586.89161504668,3,MEC LV VI Pyramidal Polymorphic,MEC LII Stellate -> CA3 Granule -> CA3c Pyramidal -> CA1 Pyramidal -> MEC LV VI Pyramidal Polymorphic,,,,,,,beam_width_5000
dynamic_programming,MEC LIII Bipolar Complex Pyramidal,4,5,105521.14413704081,3610.2350745264835,109131.3792115673,3,CA1 Pyramidal,MEC LIII Bipolar Complex Pyramidal -> MEC LII Stellate -> CA3 Granule -> CA3c Pyramidal -> CA1 Pyramidal,,,,,,,beam_width_5000
dynamic_programming,MEC LIII Complex Pyramidal,4,5,106445.65185989958,4887.337657789804,111332.98951768938,3,CA1 Pyramidal,MEC LIII Complex Pyramidal -> MEC LII Stellate -> CA3 Granule -> CA3c Pyramidal -> CA1 Pyramidal,,,,,,,beam_width_5000
dynamic_programming,MEC LV Multipolar Pyramidal,4,5,97096.56668962711,4200.65129504255,101297.21798466967,4,CA1 Pyramidal,MEC LV Multipolar Pyramidal -> MEC LV Pyramidal -> DG Granule -> CA3c Pyramidal -> CA1 Pyramidal,,,,,,,beam_width_5000
dynamic_programming,MEC LV Pyramidal,4,5,120293.11600550936,3999.7856953692135,124292.90170087857,4,CA1 Pyramidal,MEC LV Pyramidal -> DG Granule -> DG Hilar Ectopic Granule -> CA3c Pyramidal -> CA1 Pyramidal,,,,,,,beam_width_5000
dynamic_programming,MEC LV Superficial Pyramidal,4,5,105387.57962368772,3537.7630744291364,108925.34269811686,3,CA1 Pyramidal,MEC LV Superficial Pyramidal -> MEC LII Stellate -> CA3 Granule -> CA3c Pyramidal -> CA1 Pyramidal,,,,,,,beam_width_5000
dynamic_programming,MEC LV VI Pyramidal Polymorphic,5,6,97546.71139837561,7304.268534463247,104850.97993283886,5,CA1 Pyramidal,MEC LV VI Pyramidal Polymorphic -> EC LIV VI Deep Multipolar Principal -> MEC LV Pyramidal -> DG Granule -> CA3c Pyramidal -> CA1 Pyramidal,,,,,,,beam_width_5000
dynamic_programming,SUB CA1 Projecting Pyramidal,5,6,45638.602891162765,24716.657711547203,70355.26060270997,6,MEC LIII Bipolar Complex Pyramidal,SUB CA1 Projecting Pyramidal -> CA1 Pyramidal -> LEC LVI Multipolar Pyramidal -> EC LII III Pyramidal Tripolar -> EC LI II Multipolar Pyramidal -> MEC LIII Bipolar Complex Pyramidal,,,,,,,beam_width_5000
