seed,length_edges__branch_and_bound,length_edges__dynamic_programming,length_edges__greedy_tree_path,length_edges__greedy_tree_simulated_annealing,length_edges__maximum_spanning_tree,n_nodes_visited__branch_and_bound,n_nodes_visited__dynamic_programming,n_nodes_visited__greedy_tree_path,n_nodes_visited__greedy_tree_simulated_annealing,n_nodes_visited__maximum_spanning_tree,n_self_connections_included__branch_and_bound,n_self_connections_included__dynamic_programming,n_self_connections_included__greedy_tree_path,n_self_connections_included__greedy_tree_simulated_annealing,n_self_connections_included__maximum_spanning_tree,self_weight_sum__branch_and_bound,self_weight_sum__dynamic_programming,self_weight_sum__greedy_tree_path,self_weight_sum__greedy_tree_simulated_annealing,self_weight_sum__maximum_spanning_tree,summed_weight__branch_and_bound,summed_weight__dynamic_programming,summed_weight__greedy_tree_path,summed_weight__greedy_tree_simulated_annealing,summed_weight__maximum_spanning_tree,terminus__branch_and_bound,terminus__dynamic_programming,terminus__greedy_tree_path,terminus__greedy_tree_simulated_annealing,terminus__maximum_spanning_tree,transition_weight_sum__branch_and_bound,transition_weight_sum__dynamic_programming,transition_weight_sum__greedy_tree_path,transition_weight_sum__greedy_tree_simulated_annealing,transition_weight_sum__maximum_spanning_tree
CA1 Pyramidal,27,4,15,22,6,28,5,16,23,7,25,5,13,20,4,40384.370672723504,23756.414865184834,17199.957716448596,39035.92290259122,22100.45250799231,182775.85376983005,69288.80919274729,87663.79227796484,180872.15365746466,80507.58530605344,CA3 Granule,MEC LIII Bipolar Complex Pyramidal,CA1 Radiatum Giant,CA3 Granule,CA3 Granule,142391.48309710654,45532.39432756245,70463.83456151624,141836.23075487342,58407.13279806113
CA1 Radiatum Giant,28,5,15,20,3,29,6,16,21,4,25,5,13,17,3,40384.370672723504,23756.414865184834,17199.957716448596,38257.74681353083,4769.679673203114,182828.37983810672,69341.33526102395,87412.65539638294,176065.7762919015,103943.93423884243,CA3 Granule,MEC LIII Bipolar Complex Pyramidal,CA3 Pyramidal,CA2 Pyramidal,MEC LV VI Pyramidal Polymorphic,142444.0091653832,45584.92039583912,70212.69767993434,137808.02947837068,99174.25456563932
CA2 Pyramidal,14,5,16,23,3,15,6,17,24,4,12,5,13,21,4,36000.493963822235,7913.263256830038,17199.957716448596,39214.65025249659,6932.817961711152,172331.17335970557,153636.9470036915,116003.60486103817,177017.33215627182,108319.33894234069,DG Hilar Ectopic Granule,DG Mossy,CA1 Radiatum Giant,DG Hilar Ectopic Granule,MEC LV VI Pyramidal Polymorphic,136330.67939588334,145723.68374686144,98803.64714458957,137802.68190377523,101386.52098062955
CA3 Granule,30,6,15,20,7,31,7,16,21,8,26,5,13,16,5,40488.514160370956,9028.575734019169,17199.9577164486,35014.43497543727,23436.51259441375,173464.57337111002,159315.213724165,135253.72014014647,240308.3256361486,135010.202350936,CA1 Radiatum Giant,DG Mossy,CA1 Radiatum Giant,CA1 Radiatum Giant,MEC LV VI Pyramidal Polymorphic,132976.05921073907,150286.63799014583,118053.76242369786,205293.89066071133,111573.68975652223
CA3 Pyramidal,14,5,15,14,4,15,6,16,15,5,12,5,13,13,5,36000.49396382224,9028.575734019169,17199.957716448596,36668.966412305,10211.268727408318,178025.53557432152,159314.2717052817,128167.23066924962,210619.76914275403,124065.09176964645,DG Hilar Ectopic Granule,DG Mossy,DG Hilar Ectopic Granule,CA3 Granule,MEC LV VI Pyramidal Polymorphic,142025.04161049926,150285.69597126252,110967.27295280102,173950.80273044904,113853.82304223813
CA3c Pyramidal,25,5,14,20,2,26,6,15,21,3,23,6,13,19,3,40306.141072949555,24396.278934730974,17199.957716448596,38952.30652169436,4769.679673203114,249353.9607024293,155538.2830256752,161011.153237711,244485.19625908398,103943.93423884243,CA3 Granule,MEC LIII Bipolar Complex Pyramidal,DG Hilar Ectopic Granule,CA3 Granule,MEC LV VI Pyramidal Polymorphic,209047.81962947972,131142.00409094422,143811.1955212624,205532.88973738963,99174.25456563932
DG Granule,14,5,16,23,3,15,6,17,24,4,11,5,13,20,3,35959.88926984141,6521.8617083161525,17199.957716448596,38250.2995078023,4769.679673203114,172370.22872123437,152724.63559963484,201346.56890380668,253564.15975521604,105746.445717216,CA1 Radiatum Giant,MEC LV VI Pyramidal Polymorphic,CA1 Radiatum Giant,CA1 Radiatum Giant,MEC LV VI Pyramidal Polymorphic,136410.33945139294,146202.77389131868,184146.61118735807,215313.86024741374,100976.7660440129
DG Hilar Ectopic Granule,14,6,15,28,4,15,7,16,29,5,12,6,12,25,4,36000.49396382224,9029.497115099295,13921.50695075143,40117.759699362425,4770.601054283241,173436.70643826592,159315.20638990038,66628.63231393557,244266.7010932927,105747.36709829613,DG Semilunar Granule,DG Mossy,CA1 Radiatum Giant,CA3 Granule,MEC LV VI Pyramidal Polymorphic,137436.21247444366,150285.70927480108,52707.12536318414,204148.9413939303,100976.7660440129
DG Mossy,13,6,15,17,4,14,7,16,18,5,11,6,13,14,4,35959.88926984141,26323.501270881196,17199.957716448596,36729.65094894621,6520.940327236026,130556.49738417269,147380.0578761905,156437.8589252357,230508.9330102496,108465.95667025668,DG Granule,EC LII III Pyramidal Tripolar,CA1 Radiatum Giant,CA1 Radiatum Giant,MEC LV VI Pyramidal Polymorphic,94596.60811433128,121056.5566053093,139237.90120878708,193779.28206130338,101945.01634302066
DG Semilunar Granule,14,6,16,18,5,15,7,17,19,6,12,6,14,16,5,36000.49396382224,9069.180427999996,17240.562410429426,37630.371137796166,6561.545021216854,135752.20787694067,159419.09517787886,161633.56941800367,216979.79692413725,113661.66716302464,DG Granule,DG Mossy,CA1 Radiatum Giant,CA1 Radiatum Giant,MEC LV VI Pyramidal Polymorphic,99751.71391311842,150349.91474987887,144393.00700757426,179349.42578634107,107100.12214180779
EC LI II Multipolar Pyramidal,27,4,14,28,5,28,5,15,29,6,25,3,12,24,5,40384.370672723504,21729.698046983773,29439.123421439625,40077.155005381595,23436.51259441375,179705.3259272045,151116.79520251226,185138.03016382403,264214.4920633137,133830.3327520412,CA3 Granule,CA1 Pyramidal,CA1 Radiatum Giant,CA1 Radiatum Giant,MEC LV VI Pyramidal Polymorphic,139320.955254481,129387.09715552849,155698.90674238442,224137.3370579321,110393.82015762746
EC LI II Pyramidal Fan,24,4,15,26,4,25,5,16,27,5,22,4,13,22,4,40129.52558520475,3805.2954288703413,29809.87788244817,39971.50166431591,5140.434134211655,186953.62172840434,121261.52875851309,192981.2217316802,275525.2214029784,112849.05439900148,DG Hilar Ectopic Granule,CA1 Pyramidal,CA1 Radiatum Giant,CA1 Radiatum Giant,MEC LV VI Pyramidal Polymorphic,146824.0961431996,117456.23332964274,163171.34384923204,235553.71973866248,107708.62026478983
EC LII III Pyramidal Tripolar,25,4,15,25,6,26,5,16,26,7,23,4,13,22,6,40208.497579843555,5711.838810218902,31716.42126379673,39998.925405607646,25713.810436770855,183644.89731148494,119243.75224184495,191631.72370983072,270183.3375162443,140324.0262980479,CA3 Granule,CA1 Pyramidal,CA1 Radiatum Giant,CA1 Radiatum Giant,MEC LV VI Pyramidal Polymorphic,143436.39973164137,113531.91343162605,159915.302446034,230184.41211063668,114610.21586127703
EC LIII Pyramidal,27,4,16,22,6,28,5,17,23,7,25,4,14,18,6,40384.370672723504,4016.4093774218227,17217.502779581333,35868.85817779773,23454.05765754649,182949.80685123987,101010.02761567898,88081.15553598465,161880.42312625458,133847.87781517394,CA3 Granule,CA1 Pyramidal,CA1 Radiatum Giant,CA1 Radiatum Giant,MEC LV VI Pyramidal Polymorphic,142565.43617851636,96993.61823825716,70863.65275640332,126011.56494845684,110393.82015762746
EC LIII Pyramidal Stellate,27,4,16,22,6,28,5,17,23,7,25,4,14,20,6,40384.370672723504,6071.100492076042,17260.64225308981,38782.915667973924,23796.69565735102,187652.1244969947,96545.39681492929,92478.33043804814,182878.1064199641,134190.51581497848,CA3 Granule,CA1 Pyramidal,CA1 Radiatum Giant,CA3 Granule,MEC LV VI Pyramidal Polymorphic,147267.75382427117,90474.29632285325,75217.68818495833,144095.1907519902,110393.82015762746
EC LIII Stellate,27,4,22,22,6,28,5,23,23,7,24,4,19,19,6,40366.82560959076,5771.601965779988,18616.230243521186,38085.23893937758,23497.197131054967,183412.23720709299,96061.07353063828,213453.94507081408,266636.9230728837,133891.01728868243,CA3 Granule,CA1 Pyramidal,CA1 Radiatum Giant,CA1 Radiatum Giant,MEC LV VI Pyramidal Polymorphic,143045.4115975022,90289.4715648583,194837.7148272929,228551.6841335061,110393.82015762746
EC LIII V Bipolar Pyramidal,28,4,16,24,6,29,5,17,25,7,25,4,15,21,6,40384.370672723504,4470.689508157284,17181.48776911636,37730.08274555887,23908.33778828195,181724.06744369553,101677.56940630182,126175.28251600037,266061.20208394644,134302.15794590942,CA3 Granule,CA1 Pyramidal,CA3 Granule,CA1 Radiatum Giant,MEC LV VI Pyramidal Polymorphic,141339.69677097202,97206.87989814453,108993.79474688401,228331.11933838757,110393.82015762746
EC LIV VI Deep Multipolar Principal,29,4,17,24,7,30,5,18,25,8,26,4,15,20,5,40488.51416037096,5968.208448041807,18069.961112617075,38894.55779890485,24069.796641745033,193616.36873140367,103428.14388053401,87324.57862876034,258200.42802405223,82476.92943980616,CA1 Radiatum Giant,CA1 Pyramidal,CA1 Radiatum Giant,CA1 Radiatum Giant,CA3 Granule,153127.8545710327,97459.9354324922,69254.61751614326,219305.8702251474,58407.13279806113
EC LV Deep Pyramidal,28,4,17,25,7,29,5,18,26,8,25,4,15,21,5,39152.45407394952,4397.042516589369,18069.961112617075,39638.74234267038,22498.630710292593,185615.01331112898,101550.29675334367,87022.13328972227,264314.5273238563,80905.76350835373,CA1 Radiatum Giant,CA1 Pyramidal,CA1 Radiatum Giant,CA1 Radiatum Giant,CA3 Granule,146462.55923717946,97153.2542367543,68952.1721771052,224675.78498118595,58407.13279806113
LEC LIII Complex Pyramidal,27,4,14,24,6,28,5,15,25,7,25,4,12,20,6,40384.370672723504,23068.82150035764,29439.123421439628,39128.922009439164,24180.697138179286,179263.12192497446,99884.17405944239,185233.19996507902,265645.38503553736,134819.133165909,CA3 Granule,DG Mossy,CA1 Radiatum Giant,CA1 Radiatum Giant,MEC LV VI Pyramidal Polymorphic,138878.75125225095,76815.35255908476,155794.07654363938,226516.46302609818,110638.43602772972
LEC LIII Multipolar Principal,27,4,17,24,6,28,5,18,25,7,25,4,15,21,6,40384.370672723504,22821.046541410407,18069.961112617075,39189.60654608038,23932.92217923205,179561.90500594012,99931.2350580449,94281.194758302,265497.112866331,134866.19416451151,CA3 Granule,DG Mossy,CA1 Radiatum Giant,CA1 Radiatum Giant,MEC LV VI Pyramidal Polymorphic,139177.5343332166,77110.18851663449,76211.23364568492,226307.50632025066,110933.27198527945
LEC LVI Multipolar Pyramidal,28,4,15,23,7,29,5,16,24,8,25,4,13,20,5,40447.90946639012,5923.584986784065,17199.957716448596,38829.42348314311,22313.120065637602,191380.03565841683,96192.2285394461,91549.00668226511,264124.00859811157,80720.25286369873,CA1 Radiatum Giant,CA1 Pyramidal,CA1 Radiatum Giant,CA1 Radiatum Giant,CA3 Granule,150932.1261920267,90268.64355266205,74349.04896581652,225294.58511496847,58407.13279806113
MEC LII III Pyramidal Multiform,28,4,18,24,6,29,5,19,25,7,25,3,16,20,6,40384.370672723504,3741.416893559902,18377.758419395304,38894.55779890485,23744.30990119198,179094.9813932021,109302.0769406497,89448.90213613,259270.11362590594,134241.95458138603,CA3 Granule,CA1 Pyramidal,CA1 Radiatum Giant,CA1 Radiatum Giant,MEC LV VI Pyramidal Polymorphic,138710.61072047858,105560.6600470898,71071.14371673469,220375.5558270011,110497.64468019406
MEC LII Oblique Pyramidal,23,4,22,26,6,24,5,23,27,7,20,3,18,22,5,39425.80232440933,5710.917429138775,18555.545706879973,39656.287405803116,23436.51259441375,183065.93095065493,95942.54636884344,213682.88819956564,266656.5214622605,133830.3327520412,DG Hilar Ectopic Granule,CA1 Pyramidal,CA1 Radiatum Giant,CA1 Radiatum Giant,MEC LV VI Pyramidal Polymorphic,143640.1286262456,90231.62893970466,195127.34249268565,227000.2340564574,110393.82015762746
MEC LII Stellate,29,4,22,28,6,30,5,23,29,7,26,3,18,24,5,40488.51416037096,4769.679673203114,18555.545706879973,40077.155005381595,23436.51259441375,189827.2875651616,123586.89161504668,212794.45005817298,266459.0210533877,135010.202350936,CA1 Radiatum Giant,MEC LV VI Pyramidal Polymorphic,CA1 Radiatum Giant,CA1 Radiatum Giant,MEC LV VI Pyramidal Polymorphic,149338.7734047906,118817.21194184356,194238.90435129302,226381.86604800614,111573.68975652223
MEC LIII Bipolar Complex Pyramidal,25,4,13,21,6,26,5,14,22,7,23,3,11,18,6,40208.497579843555,3610.2350745264835,11143.044961237534,35807.941097020484,23613.128082158564,179322.7876758331,109131.3792115673,136143.95033795052,259625.37468503858,134117.78865918357,CA3 Granule,CA1 Pyramidal,CA1 Radiatum Giant,CA1 Radiatum Giant,MEC LV VI Pyramidal Polymorphic,139114.29009598953,105521.14413704081,125000.90537671298,223817.4335880181,110504.660577025
MEC LIII Complex Pyramidal,29,4,21,24,6,30,5,22,25,7,26,3,18,21,6,40488.51416037096,4887.337657789804,18555.545706879973,39189.60654608038,24890.23066542188,190703.20400819025,111332.98951768938,213227.44830510067,265513.40015955816,135836.104069049,CA1 Radiatum Giant,CA1 Pyramidal,CA1 Radiatum Giant,CA1 Radiatum Giant,MEC LV VI Pyramidal Polymorphic,150214.68984781927,106445.65185989958,194671.9025982207,226323.79361347776,110945.87340362713
MEC LV Multipolar Pyramidal,28,4,21,27,7,29,5,22,28,8,25,4,18,24,5,40384.370672723504,4200.65129504255,18555.545706879973,40077.1550053816,22302.239488745774,183332.20502010337,101297.21798466967,213385.28366908414,266696.7470821657,80709.3722868069,CA3 Granule,CA1 Pyramidal,CA1 Radiatum Giant,CA1 Radiatum Giant,CA3 Granule,142947.83434737986,97096.56668962711,194829.73796220415,226619.59207678406,58407.13279806113
MEC LV Pyramidal,25,4,17,20,4,26,5,18,21,5,22,4,14,17,4,40104.354092196096,3999.7856953692135,17765.202443956012,38553.189373623034,5334.924400710527,182175.58348957522,124292.90170087857,211480.55052795768,267543.0169195418,115880.427341367,CA1 Radiatum Giant,CA1 Pyramidal,CA1 Radiatum Giant,CA1 Radiatum Giant,MEC LV VI Pyramidal Polymorphic,142071.22939737912,120293.11600550936,193715.34808400166,228989.82754591876,110545.50294065647
MEC LV Superficial Pyramidal,25,4,21,28,7,26,5,22,29,8,23,3,18,25,5,40208.497579843555,3537.7630744291364,18555.545706879973,40447.90946639014,22204.595995639775,179149.20934609193,108925.34269811686,213562.19370884646,274243.0916046178,80611.72879370091,CA3 Granule,CA1 Pyramidal,CA1 Radiatum Giant,CA1 Radiatum Giant,CA3 Granule,138940.71176624837,105387.57962368772,195006.64800196647,233795.18213822765,58407.13279806113
MEC LV VI Pyramidal Polymorphic,29,5,17,27,7,30,6,18,28,8,26,5,15,23,5,40488.51416037095,7304.268534463247,18069.961112617075,40016.47046874039,23436.512594413754,186888.72118820625,104850.97993283886,87837.09344190673,263438.29242545716,81843.6453924749,CA1 Radiatum Giant,CA1 Pyramidal,CA1 Radiatum Giant,CA1 Radiatum Giant,CA3 Granule,146400.2070278353,97546.71139837561,69767.13232928966,223421.82195671674,58407.13279806113
SUB CA1 Projecting Pyramidal,28,5,16,24,7,29,6,17,25,8,26,6,14,21,5,41344.61351908587,24716.657711547203,18160.20056281097,39883.59684206606,23060.695354354684,183842.30517979272,70355.26060270997,88730.24368792752,178223.7225958067,81574.03671601613,CA3 Granule,MEC LIII Bipolar Complex Pyramidal,CA1 Radiatum Giant,CA1 Radiatum Giant,CA3 Granule,142497.69166070686,45638.602891162765,70570.04312511656,138340.12575374063,58513.34136166145
