,DG Granule,DG Semilunar Granule,DG Mossy,DG AIPRIM,DG Axo Axonic,DG Basket,DG HICAP,DG HIPP,DG HIPROM,DG MOLAX,DG MOPP,DG Neurogliaform,DG Total Molecular Layer,CA3 Pyramidal,CA3c Pyramidal,CA3 Granule,CA3 Axo Axonic,CA3 Basket,CA3 LMR Targeting,CA3 Lucidum ORAX,CA3 Spiny Lucidum,CA3 Mossy Fiber Associated ORDEN,CA3 Trilaminar,CA2 Basket,CA2 Wide Arbor Basket,CA2 Bistratified,CA2 SP SR,CA1 Pyramidal,CA1 Radiatum Giant,CA1 Axo Axonic,CA1 Horizontal Axo Axonic,CA1 Basket,CA1 Basket CCK+,CA1 Horizontal Basket,CA1 Ivy,CA1 LMR,CA1 Neurogliaform,CA1 Neurogliaform Projecting,CA1 Recurrent O LM,CA1 O LMR,CA1 Oriens Alveus,CA1 Oriens Bistratified,CA1 OR LM,CA1 Perforant Path Associated,CA1 Perforant Path Associated QuadD,CA1 Radiatum,CA1 R Receiving Apical Targeting,CA1 Schaffer Collateral Associated,CA1 SO SO,CA1 Trilaminar,CA1 Radial Trilaminar,EC LI II Multipolar Pyramidal,EC LI II Pyramidal Fan,MEC LII III Pyramidal Multiform,MEC LII Oblique Pyramidal,MEC LII Stellate,EC LII III Pyramidal Tripolar,LEC LIII Multipolar Principal,EC LIII Pyramidal,LEC LIII Complex Pyramidal,MEC LIII Complex Pyramidal,MEC LIII Bipolar Complex Pyramidal,EC LIII Stellate,EC LIII V Bipolar Pyramidal,EC LIV VI Deep Multipolar Principal,EC LV Deep Pyramidal,MEC LV Multipolar Pyramidal,MEC LV Pyramidal,MEC LV Superficial Pyramidal,MEC LV VI Pyramidal Polymorphic,LEC LVI Multipolar Pyramidal,MEC LIII Superficial Trilayered Interneuron
DG Granule,0.0,0.0,1548576.2061576212,896639.1990388761,708529.9461439403,381384.7396357308,418316.0675269433,826561.1954082673,1008478.4073152255,627179.024910298,0.0,0.0,601011.3620444787,19094.65915724406,105286.88541901702,0.0,84424.96800175622,93333.19129480861,31784.513863372915,30282.85444549081,176486.30556840278,57172.640039631064,0.0,520440.6141559855,228861.13048572556,234548.93684897735,0.0,0.0,0.0,0.0,0.0,0.0,0.0,0.0,0.0,0.0,0.0,0.0,0.0,0.0,0.0,0.0,0.0,0.0,0.0,0.0,0.0,0.0,0.0,0.0,0.0,0.0,0.0,0.0,0.0,0.0,0.0,0.0,0.0,0.0,0.0,0.0,0.0,0.0,0.0,0.0,0.0,0.0,0.0,0.0,0.0,0.0
DG Semilunar Granule,10939.477860675,10125.8588480868,177762.26892369404,175502.85009078524,128067.62295686032,90708.45105852399,98020.43648096238,92711.44971302761,245668.80320107125,118054.76483116006,0.0,0.0,68942.98489200667,5221.038911896258,11545.91769716424,0.0,10268.8263070212,8954.535216243257,3374.7560060192,11783.986569101344,39516.7257924522,5552.233677577349,0.0,0.0,0.0,0.0,0.0,0.0,0.0,0.0,0.0,0.0,0.0,0.0,0.0,0.0,0.0,0.0,0.0,0.0,0.0,0.0,0.0,0.0,0.0,0.0,0.0,0.0,0.0,0.0,0.0,0.0,0.0,0.0,0.0,0.0,0.0,0.0,0.0,0.0,0.0,0.0,0.0,0.0,0.0,0.0,0.0,0.0,0.0,0.0,0.0,0.0
DG Mossy,21695.054873577752,12630.59148671424,60388.298414928,63309.34563408001,65354.973760062,44703.7167300156,37769.105436227546,35791.767086680804,82589.59285223401,54425.65314522149,0.0,0.0,48730.418053606576,0.0,0.0,0.0,0.0,0.0,0.0,0.0,0.0,0.0,0.0,0.0,0.0,0.0,0.0,0.0,0.0,0.0,0.0,0.0,0.0,0.0,0.0,0.0,0.0,0.0,0.0,0.0,0.0,0.0,0.0,0.0,0.0,0.0,0.0,0.0,0.0,0.0,0.0,0.0,0.0,0.0,0.0,0.0,0.0,0.0,0.0,0.0,0.0,0.0,0.0,0.0,0.0,0.0,0.0,0.0,0.0,0.0,0.0,0.0
DG AIPRIM,-5198.70757223961,-4221.690276727242,-8299.567272988299,-10954.1344524612,-7725.7449492036,-8921.306258922024,-8982.620821106018,-4647.5907811344,-21429.717139184642,-12163.428213615163,-0.0,-0.0,-9047.047449782945,-0.0,-0.0,-0.0,-0.0,-0.0,-0.0,-0.0,-0.0,-0.0,-0.0,-0.0,-0.0,-0.0,-0.0,-0.0,-0.0,-0.0,-0.0,-0.0,-0.0,-0.0,-0.0,-0.0,-0.0,-0.0,-0.0,-0.0,-0.0,-0.0,-0.0,-0.0,-0.0,-0.0,-0.0,-0.0,-0.0,-0.0,-0.0,-0.0,-0.0,-0.0,-0.0,-0.0,-0.0,-0.0,-0.0,-0.0,-0.0,-0.0,-0.0,-0.0,-0.0,-0.0,-0.0,-0.0,-0.0,-0.0,-0.0,-0.0
DG Axo Axonic,-39.86754257614248,-0.0,-1589.3226587129132,-0.0,-0.0,-0.0,-0.0,-0.0,-0.0,-0.0,-0.0,-0.0,-0.0,-0.0,-0.0,-0.0,-0.0,-0.0,-0.0,-0.0,-0.0,-0.0,-0.0,-0.0,-0.0,-0.0,-0.0,-0.0,-0.0,-0.0,-0.0,-0.0,-0.0,-0.0,-0.0,-0.0,-0.0,-0.0,-0.0,-0.0,-0.0,-0.0,-0.0,-0.0,-0.0,-0.0,-0.0,-0.0,-0.0,-0.0,-0.0,-0.0,-0.0,-0.0,-0.0,-0.0,-0.0,-0.0,-0.0,-0.0,-0.0,-0.0,-0.0,-0.0,-0.0,-0.0,-0.0,-0.0,-0.0,-0.0,-0.0,-0.0
DG Basket,-30832.191475985575,-0.0,-0.0,-0.0,-16791.653100411546,-21608.002802765517,-21886.277474229875,-23172.68804528934,-0.0,-28949.944879304465,-0.0,-0.0,-31424.092444650254,-0.0,-0.0,-0.0,-0.0,-0.0,-0.0,-0.0,-0.0,-0.0,-0.0,-0.0,-0.0,-0.0,-0.0,-0.0,-0.0,-0.0,-0.0,-0.0,-0.0,-0.0,-0.0,-0.0,-0.0,-0.0,-0.0,-0.0,-0.0,-0.0,-0.0,-0.0,-0.0,-0.0,-0.0,-0.0,-0.0,-0.0,-0.0,-0.0,-0.0,-0.0,-0.0,-0.0,-0.0,-0.0,-0.0,-0.0,-0.0,-0.0,-0.0,-0.0,-0.0,-0.0,-0.0,-0.0,-0.0,-0.0,-0.0,-0.0
DG HICAP,-125.96014447200001,-103.01006218744799,-0.0,-70.6828635016812,-67.3288829230471,-74.92934951603009,-63.9550062964566,-0.0,-198.4055371170163,-157.50783068729146,-0.0,-0.0,-86.26670516103749,-0.0,-0.0,-0.0,-0.0,-0.0,-0.0,-0.0,-0.0,-0.0,-0.0,-0.0,-0.0,-0.0,-0.0,-0.0,-0.0,-0.0,-0.0,-0.0,-0.0,-0.0,-0.0,-0.0,-0.0,-0.0,-0.0,-0.0,-0.0,-0.0,-0.0,-0.0,-0.0,-0.0,-0.0,-0.0,-0.0,-0.0,-0.0,-0.0,-0.0,-0.0,-0.0,-0.0,-0.0,-0.0,-0.0,-0.0,-0.0,-0.0,-0.0,-0.0,-0.0,-0.0,-0.0,-0.0,-0.0,-0.0,-0.0,-0.0
DG HIPP,-4519.965682348033,-4421.7588128857915,-0.0,-2244.4833874161595,-3199.135215302202,-3295.452961004139,-2376.60980974384,-0.0,-0.0,-3142.62740151901,-5264.09725722912,-3892.4314156728,-2415.954002694806,-0.0,-0.0,-0.0,-0.0,-0.0,-0.0,-0.0,-0.0,-0.0,-0.0,-0.0,-0.0,-0.0,-0.0,-0.0,-0.0,-0.0,-0.0,-0.0,-0.0,-0.0,-0.0,-0.0,-0.0,-5463.381349298198,-0.0,-0.0,-0.0,-0.0,-0.0,-0.0,-0.0,-0.0,-0.0,-0.0,-0.0,-0.0,-0.0,-0.0,-0.0,-0.0,-0.0,-0.0,-0.0,-0.0,-0.0,-0.0,-0.0,-0.0,-0.0,-0.0,-0.0,-0.0,-0.0,-0.0,-0.0,-0.0,-0.0,-0.0
DG HIPROM,-7.1978899792696005,-7.083911847743999,-10.870058290660799,-16.4379653856,-12.128599230399997,-13.702803714432,-13.40606855168,-6.480757405584,-24.633322354368,-16.76995865136,-3.5301919840000004,-2.56427206672,-12.994857704267998,-8.449511820749997,-7.819844383472001,-0.18209423899259997,-4.73223125925,-4.023225259326,-1.4055510994559999,-2.613670652736,-13.41277192025473,-7.843745092919999,-3.5435817231360005,-0.0,-0.7107580985639681,-0.0,-0.0,-0.0,-0.0,-0.0,-0.0,-0.0,-0.0,-0.0,-0.0,-0.0,-0.0,-3.5809123712831994,-0.0,-0.0,-0.0,-0.0,-0.0,-0.0,-0.0,-0.0,-0.0,-0.0,-0.0,-0.0,-0.0,-0.0,-0.0,-0.0,-0.0,-0.0,-0.0,-0.0,-0.0,-0.0,-0.0,-0.0,-0.0,-0.0,-0.0,-0.0,-0.0,-0.0,-0.0,-0.0,-0.0,-0.0
DG MOLAX,-3449.792252552701,-3165.3755039969014,-0.0,-1899.0558770040002,-2035.0466104196591,-2118.682099948565,-2023.6990368465001,-0.0,-1657.5868676203202,-2898.4189778341433,-1795.9360443570001,-1340.9534767075202,-1995.5460354155348,-0.0,-0.0,-0.0,-0.0,-0.0,-0.0,-0.0,-0.0,-0.0,-0.0,-0.0,-0.0,-0.0,-0.0,-0.0,-0.0,-0.0,-0.0,-0.0,-0.0,-0.0,-0.0,-0.0,-0.0,-1904.106605960637,-0.0,-0.0,-0.0,-0.0,-0.0,-0.0,-0.0,-0.0,-0.0,-0.0,-0.0,-0.0,-0.0,-0.0,-0.0,-0.0,-0.0,-0.0,-0.0,-0.0,-0.0,-0.0,-0.0,-0.0,-0.0,-0.0,-0.0,-0.0,-0.0,-0.0,-0.0,-0.0,-0.0,-0.0
DG MOPP,-141.22529697224,-130.09502718,-0.0,-76.56289324101002,-87.67444964396101,-89.79318890380799,-74.88297666563999,-0.0,-0.0,-119.167081191215,-140.09760907199998,-119.886915288,-90.38432396857499,-0.0,-0.0,-0.0,-0.0,-0.0,-0.0,-0.0,-0.0,-0.0,-0.0,-0.0,-0.0,-0.0,-0.0,-0.0,-0.0,-0.0,-0.0,-0.0,-0.0,-0.0,-0.0,-0.0,-0.0,-184.73964355255498,-0.0,-0.0,-0.0,-0.0,-0.0,-0.0,-0.0,-0.0,-0.0,-0.0,-0.0,-0.0,-0.0,-0.0,-0.0,-0.0,-0.0,-0.0,-0.0,-0.0,-0.0,-0.0,-0.0,-0.0,-0.0,-0.0,-0.0,-0.0,-0.0,-0.0,-0.0,-0.0,-0.0,-0.0
DG Neurogliaform,-48.70676802368521,-52.294380089591996,-0.0,-16.4847001493328,-39.499729983251996,-19.15346085054624,-16.752275227582317,-0.0,-0.0,-42.37004596154688,-12.598702910112001,-6.549837359520001,-15.6851781364656,-0.0,-0.0,-0.0,-0.0,-0.0,-0.0,-0.0,-0.0,-0.0,-0.0,-0.0,-0.0,-0.0,-0.0,-0.0,-0.0,-0.0,-0.0,-0.0,-0.0,-0.0,-0.0,-0.0,-0.0,-32.1361704991404,-0.0,-0.0,-0.0,-0.0,-0.0,-0.0,-0.0,-0.0,-0.0,-0.0,-0.0,-0.0,-0.0,-0.0,-0.0,-0.0,-0.0,-0.0,-0.0,-0.0,-0.0,-0.0,-0.0,-0.0,-0.0,-0.0,-0.0,-0.0,-0.0,-0.0,-0.0,-0.0,-0.0,-0.0
DG Total Molecular Layer,-4088.470679875126,-3909.8704448121252,-5027.841134178721,-4666.19683674375,-3496.8655103965043,-3556.482476215207,-3940.7605807092255,-2498.027911619625,-6450.741499644001,-7452.51861466125,-1769.6601255199998,-1405.9007232900003,-4903.586444535625,-0.0,-0.0,-0.0,-0.0,-0.0,-0.0,-0.0,-0.0,-0.0,-0.0,-0.0,-0.0,-0.0,-0.0,-0.0,-0.0,-0.0,-0.0,-0.0,-0.0,-0.0,-0.0,-0.0,-0.0,-2118.724266658365,-0.0,-0.0,-0.0,-0.0,-0.0,-0.0,-0.0,-0.0,-0.0,-0.0,-0.0,-0.0,-0.0,-0.0,-0.0,-0.0,-0.0,-0.0,-0.0,-0.0,-0.0,-0.0,-0.0,-0.0,-0.0,-0.0,-0.0,-0.0,-0.0,-0.0,-0.0,-0.0,-0.0,-0.0
CA3 Pyramidal,0.0,0.0,0.0,0.0,0.0,0.0,0.0,0.0,0.0,0.0,0.0,0.0,0.0,266540.7126583063,395693.84575883904,41592.496640621466,175688.4680010275,229695.88003409162,29902.143850072167,96208.96061487973,0.0,203028.41063409072,185716.6008594153,485909.8258273281,196409.19270127884,468952.73982715176,278151.1628942592,380827.98284731206,165936.03817408613,159502.00832572696,330795.00477235904,228141.63568381788,156057.75447742542,755237.5847063188,69076.63514988721,32725.761933196078,0.0,0.0,2081164.3484694457,673425.8315303042,124756.44190094133,476142.37045373034,530494.5777978556,78833.5618303563,584453.5674132234,77702.49045034703,212463.56356371095,405597.75135211326,1082066.7210632826,2030611.1265128772,48612.110393900584,0.0,0.0,0.0,0.0,0.0,0.0,0.0,0.0,0.0,0.0,0.0,0.0,0.0,0.0,0.0,0.0,0.0,0.0,0.0,0.0,0.0
CA3c Pyramidal,160418.7566737335,87352.46675373509,33393.42821681123,108136.77620246162,143794.61716747435,96808.27901181996,82111.44264625497,18549.96619745808,164558.27937797178,108931.58813004752,0.0,0.0,72103.63782101168,31089.11555366892,37375.237707134394,5108.88681916704,19320.7649099472,25171.5172351104,4152.834730963475,12467.0614729374,0.0,19935.286052407922,40886.40713210424,1119782.6687443724,541851.3914313504,1005433.8114323212,636442.6318356859,2946974.5185329346,2221043.9720433573,2006266.478154768,52687.918220024934,2116029.980411057,2795834.074983893,111868.5426625028,1842331.581818685,826291.8395654251,0.0,0.0,274726.7904544783,115467.08815002012,1743888.3093962292,81403.51344598243,2982732.150530972,1334059.6116201745,2795497.1552758655,1362763.212436586,2023667.388273065,0.0,154057.07098671794,274426.1152931656,1107880.820651227,0.0,0.0,0.0,0.0,0.0,0.0,0.0,0.0,0.0,0.0,0.0,0.0,0.0,0.0,0.0,0.0,0.0,0.0,0.0,0.0,0.0
CA3 Granule,0.0,0.0,0.0,0.0,0.0,0.0,0.0,0.0,0.0,0.0,0.0,0.0,0.0,76.58690108091,133.22495805696,0.0,68.727183686112,75.5384513096472,53.255096133239995,80.26403533702398,240.6769873737734,57.562403784192014,0.0,0.0,0.0,0.0,0.0,0.0,0.0,0.0,0.0,0.0,0.0,0.0,0.0,0.0,0.0,0.0,0.0,0.0,0.0,0.0,0.0,0.0,0.0,0.0,0.0,0.0,0.0,0.0,0.0,0.0,0.0,0.0,0.0,0.0,0.0,0.0,0.0,0.0,0.0,0.0,0.0,0.0,0.0,0.0,0.0,0.0,0.0,0.0,0.0,0.0
CA3 Axo Axonic,-0.0,-0.0,-0.0,-0.0,-0.0,-0.0,-0.0,-0.0,-0.0,-0.0,-0.0,-0.0,-0.0,-393.05783615486854,-1201.9116230449415,-0.0,-0.0,-0.0,-0.0,-0.0,-0.0,-0.0,-0.0,-0.0,-0.0,-0.0,-0.0,-0.0,-0.0,-0.0,-0.0,-0.0,-0.0,-0.0,-0.0,-0.0,-0.0,-0.0,-0.0,-0.0,-0.0,-0.0,-0.0,-0.0,-0.0,-0.0,-0.0,-0.0,-0.0,-0.0,-0.0,-0.0,-0.0,-0.0,-0.0,-0.0,-0.0,-0.0,-0.0,-0.0,-0.0,-0.0,-0.0,-0.0,-0.0,-0.0,-0.0,-0.0,-0.0,-0.0,-0.0,-0.0
CA3 Basket,-0.0,-0.0,-0.0,-0.0,-0.0,-0.0,-0.0,-0.0,-0.0,-0.0,-0.0,-0.0,-0.0,-13694.304060989987,-12332.371448150581,-0.0,-5265.150495764399,-6212.436995566355,-0.0,-0.0,-0.0,-9496.353522032381,-0.0,-0.0,-0.0,-0.0,-0.0,-0.0,-0.0,-0.0,-0.0,-0.0,-0.0,-0.0,-0.0,-0.0,-0.0,-0.0,-0.0,-0.0,-0.0,-0.0,-0.0,-0.0,-0.0,-0.0,-0.0,-0.0,-0.0,-0.0,-0.0,-0.0,-0.0,-0.0,-0.0,-0.0,-0.0,-0.0,-0.0,-0.0,-0.0,-0.0,-0.0,-0.0,-0.0,-0.0,-0.0,-0.0,-0.0,-0.0,-0.0,-0.0
CA3 LMR Targeting,-0.0,-0.0,-0.0,-0.0,-0.0,-0.0,-0.0,-0.0,-0.0,-0.0,-0.0,-0.0,-0.0,-6333.728912114999,-440.6883700128,-2862.1156771583996,-2438.5938726239997,-2658.7698660403194,-4841.434196881919,-466.11866121626883,-0.0,-377.58289502419194,-0.0,-0.0,-0.0,-0.0,-0.0,-0.0,-0.0,-0.0,-0.0,-0.0,-0.0,-0.0,-0.0,-0.0,-0.0,-0.0,-0.0,-0.0,-0.0,-0.0,-0.0,-0.0,-0.0,-0.0,-0.0,-0.0,-0.0,-0.0,-0.0,-0.0,-0.0,-0.0,-0.0,-0.0,-0.0,-0.0,-0.0,-0.0,-0.0,-0.0,-0.0,-0.0,-0.0,-0.0,-0.0,-0.0,-0.0,-0.0,-0.0,-0.0
CA3 Lucidum ORAX,-0.0,-0.0,-0.0,-0.0,-0.0,-0.0,-0.0,-0.0,-0.0,-0.0,-0.0,-0.0,-0.0,-9.745853616,-8.74190284704,-0.5047551916279198,-4.95162840942,-4.6931489935199995,-1.5267116390399997,-3.8547901169999994,-11.422731697575216,-8.659663626239999,-3.7729219347456,-0.0,-0.8005727042060801,-0.0,-0.0,-0.0,-0.0,-0.0,-0.0,-0.0,-0.0,-0.0,-0.0,-0.0,-0.0,-0.0,-0.0,-0.0,-0.0,-0.0,-0.0,-0.0,-0.0,-0.0,-0.0,-0.0,-0.0,-0.0,-0.0,-0.0,-0.0,-0.0,-0.0,-0.0,-0.0,-0.0,-0.0,-0.0,-0.0,-0.0,-0.0,-0.0,-0.0,-0.0,-0.0,-0.0,-0.0,-0.0,-0.0,-0.0
CA3 Spiny Lucidum,-598.6907982819889,-758.9987819343305,-0.0,-300.86732482878523,-537.7078660489402,-689.8718978093812,-396.4168160932557,-0.0,-70.77830968262872,-411.35660621611186,-673.3246295486841,-250.6976544794898,-246.11580093486768,-471.9910301363161,-278.5529166239785,-54.83127440954848,-248.25567050788626,-254.36440375551516,-124.45714269792158,-459.4739318233027,-98.6360596281619,-387.69909472953987,-0.0,-0.0,-0.0,-0.0,-0.0,-0.0,-0.0,-0.0,-0.0,-0.0,-0.0,-0.0,-0.0,-0.0,-0.0,-310.6091460257138,-0.0,-0.0,-0.0,-0.0,-0.0,-0.0,-0.0,-0.0,-0.0,-0.0,-0.0,-0.0,-0.0,-0.0,-0.0,-0.0,-0.0,-0.0,-0.0,-0.0,-0.0,-0.0,-0.0,-0.0,-0.0,-0.0,-0.0,-0.0,-0.0,-0.0,-0.0,-0.0,-0.0,-0.0
CA3 Mossy Fiber Associated ORDEN,-0.0,-0.0,-44.50986955791599,-18.019655992799997,-8.877043565207998,-9.718445080842402,-10.351440365616,-24.287585310576002,-26.718983279788798,-22.970378251772004,-0.0,-0.0,-18.933122988256404,-144.96456240000003,-149.23378355508004,-0.0,-87.086706525,-81.71283984192,-32.58919175232,-56.552744986416,-350.6777640738611,-132.06107584824,-0.0,-0.0,-23.682866947377175,-0.0,-0.0,-0.0,-0.0,-0.0,-0.0,-0.0,-0.0,-0.0,-0.0,-0.0,-0.0,-0.0,-0.0,-0.0,-0.0,-0.0,-0.0,-0.0,-0.0,-0.0,-0.0,-0.0,-0.0,-0.0,-0.0,-0.0,-0.0,-0.0,-0.0,-0.0,-0.0,-0.0,-0.0,-0.0,-0.0,-0.0,-0.0,-0.0,-0.0,-0.0,-0.0,-0.0,-0.0,-0.0,-0.0,-0.0
CA3 Trilaminar,-0.0,-0.0,-0.0,-0.0,-0.0,-0.0,-0.0,-0.0,-0.0,-0.0,-0.0,-0.0,-0.0,-2136.4730641337997,-1777.6954780199999,-201.85078665615356,-1040.6253247790396,-990.5080531272191,-401.39896882176,-941.3588400063121,-2320.313863592716,-2236.1549409239037,-1080.8989833707521,-0.0,-171.03619277472004,-0.0,-0.0,-969.1136205835392,-313.61632727039995,-704.359513194456,-317.05590493584,-801.2179108828161,-999.3735315127874,-1205.3811158849153,-1050.9643338963554,-158.70251779459,-0.0,-0.0,-533.44122368768,-497.6728460594099,-833.3650758909057,-342.3900395412,-528.7711221821953,-122.69805776836607,-1637.045385389568,-233.895389112,-354.31826656844794,-601.7736217030638,-611.5928071991921,-709.75535915592,-1162.1359459557118,-0.0,-0.0,-0.0,-0.0,-0.0,-0.0,-0.0,-0.0,-0.0,-0.0,-0.0,-0.0,-0.0,-0.0,-0.0,-0.0,-0.0,-0.0,-0.0,-0.0,-0.0
CA2 Basket,-0.0,-0.0,-0.0,-0.0,-0.0,-0.0,-0.0,-0.0,-0.0,-0.0,-0.0,-0.0,-0.0,-0.0,-0.0,-0.0,-0.0,-0.0,-0.0,-0.0,-0.0,-0.0,-0.0,-5327.324146106914,-4425.022201373293,-8982.065675607737,-2453.7603815894936,-0.0,-0.0,-0.0,-0.0,-0.0,-0.0,-0.0,-0.0,-0.0,-0.0,-0.0,-0.0,-0.0,-0.0,-0.0,-0.0,-0.0,-0.0,-0.0,-0.0,-0.0,-0.0,-0.0,-0.0,-0.0,-0.0,-0.0,-0.0,-0.0,-0.0,-0.0,-0.0,-0.0,-0.0,-0.0,-0.0,-0.0,-0.0,-0.0,-0.0,-0.0,-0.0,-0.0,-0.0,-0.0
CA2 Wide Arbor Basket,-0.0,-0.0,-0.0,-0.0,-0.0,-0.0,-0.0,-0.0,-0.0,-0.0,-0.0,-0.0,-0.0,-15248.683221215533,-12050.823596977549,-0.0,-6434.414177884142,-5965.263938698957,-0.0,-0.0,-0.0,-11098.20100912166,-0.0,-5778.399772405079,-4827.875244048964,-9875.04578100517,-2735.036449203952,-3863.9981193274757,-5490.969402052292,-3165.0194391383,-0.0,-3320.059957350824,-11428.70911002828,-4067.732240893155,-4552.783056234155,-0.0,-0.0,-0.0,-0.0,-0.0,-0.0,-0.0,-2350.1320046026412,-0.0,-0.0,-0.0,-0.0,-0.0,-0.0,-0.0,-4892.897856692788,-0.0,-0.0,-0.0,-0.0,-0.0,-0.0,-0.0,-0.0,-0.0,-0.0,-0.0,-0.0,-0.0,-0.0,-0.0,-0.0,-0.0,-0.0,-0.0,-0.0,-0.0
CA2 Bistratified,-0.0,-0.0,-0.0,-0.0,-0.0,-0.0,-0.0,-0.0,-0.0,-0.0,-0.0,-0.0,-0.0,-0.0,-0.0,-0.0,-0.0,-0.0,-0.0,-0.0,-0.0,-0.0,-0.0,-701.267708424192,-544.7024079955199,-1392.306988893504,-317.2433699635199,-11.396674469312,-7.34134338561792,-6.865304195711692,-3.4514053563023994,-13.24449342160896,-14.454535016527872,-32.372136360598,-5.6698359102,-2.6348048018626553,-0.0,-0.0,-15.65555933436288,-5.183377197653491,-8.59939849849293,-4.729814630217601,-12.465886354758146,-2.70015714373632,-29.96979308907091,-4.749411117696,-9.506003523140736,-0.0,-16.859526437644803,-16.906057070031363,-12.433699485864961,-0.0,-0.0,-0.0,-0.0,-0.0,-0.0,-0.0,-0.0,-0.0,-0.0,-0.0,-0.0,-0.0,-0.0,-0.0,-0.0,-0.0,-0.0,-0.0,-0.0,-0.0
CA2 SP SR,-0.0,-0.0,-0.0,-0.0,-0.0,-0.0,-0.0,-0.0,-0.0,-0.0,-0.0,-0.0,-0.0,-0.0,-0.0,-0.0,-0.0,-0.0,-0.0,-0.0,-0.0,-0.0,-0.0,-156.67222431744003,-106.08520226171402,-378.2645885241599,-101.47024742400002,-0.0,-0.0,-0.0,-0.0,-0.0,-0.0,-0.0,-0.0,-0.0,-0.0,-0.0,-0.0,-0.0,-0.0,-0.0,-0.0,-0.0,-0.0,-0.0,-0.0,-0.0,-0.0,-0.0,-0.0,-0.0,-0.0,-0.0,-0.0,-0.0,-0.0,-0.0,-0.0,-0.0,-0.0,-0.0,-0.0,-0.0,-0.0,-0.0,-0.0,-0.0,-0.0,-0.0,-0.0,-0.0
CA1 Pyramidal,0.0,0.0,0.0,0.0,0.0,0.0,0.0,0.0,0.0,0.0,0.0,0.0,0.0,0.0,0.0,0.0,0.0,0.0,0.0,0.0,0.0,0.0,0.0,0.0,0.0,0.0,0.0,96170.58579124039,0.0,50979.62872911275,34139.20669267882,42387.40709254397,52663.470341011525,111130.94343586842,78455.60288830579,0.0,0.0,0.0,172923.81420279422,45331.42551755646,48773.83945202497,54313.144160106036,76314.98468901217,0.0,50774.80379330661,0.0,0.0,0.0,92632.40646962484,133386.20012865638,35009.97556462689,0.0,0.0,0.0,0.0,0.0,0.0,82548.25544401599,0.0,0.0,0.0,0.0,0.0,309145.2458258123,280911.9092675947,347496.09626192943,183361.24511820005,156562.72620245616,68085.27579632982,234917.3182963417,282246.3868864678,0.0
CA1 Radiatum Giant,0.0,0.0,0.0,0.0,0.0,0.0,0.0,0.0,0.0,0.0,0.0,0.0,0.0,0.0,0.0,0.0,0.0,0.0,0.0,0.0,0.0,0.0,0.0,0.0,0.0,0.0,0.0,1808.126274584448,0.0,1022.7077085123761,430.4094116038891,702.487195640568,842.7368119442688,1168.9013802282345,1110.7505226554883,0.0,0.0,0.0,2623.7016676713597,846.0242332026314,549.5984967949057,666.6998045368321,1217.9702732666112,0.0,596.7808386048,0.0,0.0,0.0,1478.02807798512,2390.54634602496,392.77359470950273,0.0,0.0,0.0,0.0,0.0,0.0,0.0,0.0,0.0,0.0,0.0,0.0,0.0,0.0,0.0,0.0,0.0,0.0,0.0,0.0,0.0
CA1 Axo Axonic,-0.0,-0.0,-0.0,-0.0,-0.0,-0.0,-0.0,-0.0,-0.0,-0.0,-0.0,-0.0,-0.0,-0.0,-0.0,-0.0,-0.0,-0.0,-0.0,-0.0,-0.0,-0.0,-0.0,-0.0,-0.0,-0.0,-0.0,-288.4969942101322,-25257.262168867488,-0.0,-0.0,-0.0,-0.0,-0.0,-0.0,-0.0,-0.0,-0.0,-0.0,-0.0,-0.0,-0.0,-0.0,-0.0,-0.0,-0.0,-0.0,-0.0,-0.0,-0.0,-0.0,-0.0,-0.0,-0.0,-0.0,-0.0,-0.0,-0.0,-0.0,-0.0,-0.0,-0.0,-0.0,-0.0,-0.0,-0.0,-0.0,-0.0,-0.0,-0.0,-0.0,-0.0
CA1 Horizontal Axo Axonic,-0.0,-0.0,-0.0,-0.0,-0.0,-0.0,-0.0,-0.0,-0.0,-0.0,-0.0,-0.0,-0.0,-0.0,-0.0,-0.0,-0.0,-0.0,-0.0,-0.0,-0.0,-0.0,-0.0,-0.0,-0.0,-0.0,-0.0,-145.04202194554364,-16914.858878841373,-0.0,-0.0,-0.0,-0.0,-0.0,-0.0,-0.0,-0.0,-0.0,-0.0,-0.0,-0.0,-0.0,-0.0,-0.0,-0.0,-0.0,-0.0,-0.0,-0.0,-0.0,-0.0,-0.0,-0.0,-0.0,-0.0,-0.0,-0.0,-0.0,-0.0,-0.0,-0.0,-0.0,-0.0,-0.0,-0.0,-0.0,-0.0,-0.0,-0.0,-0.0,-0.0,-0.0
CA1 Basket,-0.0,-0.0,-0.0,-0.0,-0.0,-0.0,-0.0,-0.0,-0.0,-0.0,-0.0,-0.0,-0.0,-0.0,-0.0,-0.0,-0.0,-0.0,-0.0,-0.0,-0.0,-0.0,-0.0,-0.0,-0.0,-0.0,-0.0,-6486.070905251756,-5897.135275231496,-3684.105878699404,-0.0,-3937.4169184850407,-12244.729838512769,-4629.172014796329,-4705.464689871405,-0.0,-0.0,-0.0,-0.0,-0.0,-0.0,-0.0,-2633.5779957736863,-0.0,-0.0,-0.0,-0.0,-0.0,-0.0,-0.0,-5058.244394227261,-0.0,-0.0,-0.0,-0.0,-0.0,-0.0,-0.0,-0.0,-0.0,-0.0,-0.0,-0.0,-0.0,-0.0,-0.0,-0.0,-0.0,-0.0,-0.0,-0.0,-0.0
CA1 Basket CCK+,-0.0,-0.0,-0.0,-0.0,-0.0,-0.0,-0.0,-0.0,-0.0,-0.0,-0.0,-0.0,-0.0,-0.0,-0.0,-0.0,-0.0,-0.0,-0.0,-0.0,-0.0,-0.0,-0.0,-0.0,-0.0,-0.0,-0.0,-3609.064098415629,-4191.794690070073,-2652.3740750970405,-0.0,-2685.06561924608,-8908.811549156924,-3235.689969045949,-3693.971155720623,-0.0,-0.0,-0.0,-0.0,-0.0,-0.0,-0.0,-1872.9843627293133,-0.0,-0.0,-0.0,-0.0,-0.0,-0.0,-0.0,-4055.2570066764797,-0.0,-0.0,-0.0,-0.0,-0.0,-0.0,-0.0,-0.0,-0.0,-0.0,-0.0,-0.0,-0.0,-0.0,-0.0,-0.0,-0.0,-0.0,-0.0,-0.0,-0.0
CA1 Horizontal Basket,-0.0,-0.0,-0.0,-0.0,-0.0,-0.0,-0.0,-0.0,-0.0,-0.0,-0.0,-0.0,-0.0,-0.0,-0.0,-0.0,-0.0,-0.0,-0.0,-0.0,-0.0,-0.0,-0.0,-0.0,-0.0,-0.0,-0.0,-2941.988764712658,-4464.090320450762,-2745.97817909375,-0.0,-2902.3295251213353,-9988.91611019473,-3478.5619646602577,-4893.405686188446,-0.0,-0.0,-0.0,-0.0,-0.0,-0.0,-0.0,-1981.9765241485034,-0.0,-0.0,-0.0,-0.0,-0.0,-0.0,-0.0,-5525.324154429722,-0.0,-0.0,-0.0,-0.0,-0.0,-0.0,-0.0,-0.0,-0.0,-0.0,-0.0,-0.0,-0.0,-0.0,-0.0,-0.0,-0.0,-0.0,-0.0,-0.0,-0.0
CA1 Ivy,-0.0,-0.0,-0.0,-0.0,-0.0,-0.0,-0.0,-0.0,-0.0,-0.0,-0.0,-0.0,-0.0,-0.0,-0.0,-0.0,-0.0,-0.0,-0.0,-0.0,-0.0,-0.0,-0.0,-0.0,-198.30273016805103,-0.0,-0.0,-1319.094371671776,-410.039748942912,-988.8233424753317,-469.6637354347499,-1159.1158767621123,-1365.5618006518803,-1660.8417874561694,-1533.389858211132,-227.81205306561057,-0.0,-0.0,-633.4016482079999,-687.9370462721065,-1161.0757193639554,-473.47506144899995,-685.3316670086544,-165.18339718783196,-2052.3086014285795,-273.01937584649284,-448.9042363798081,-569.371530067113,-777.7708166619722,-844.7123803179602,-1679.646855372448,-0.0,-0.0,-0.0,-0.0,-0.0,-0.0,-0.0,-0.0,-0.0,-0.0,-0.0,-0.0,-0.0,-0.0,-0.0,-0.0,-0.0,-0.0,-0.0,-0.0,-0.0
CA1 LMR,-0.0,-0.0,-0.0,-0.0,-0.0,-0.0,-0.0,-0.0,-0.0,-0.0,-0.0,-0.0,-0.0,-0.0,-0.0,-0.0,-0.0,-0.0,-0.0,-0.0,-0.0,-0.0,-0.0,-0.0,-0.0,-0.0,-0.0,-162.25474999552,-228.10518639360004,-118.96955400903842,-0.0,-120.72038949427201,-147.6333370213984,-0.0,-78.1434658984176,-204.87386449016637,-78.7826655366576,-79.92915441184078,-0.0,-0.0,-134.26057765519357,-0.0,-90.2086449378048,-113.44000012800001,-313.882761277008,-112.44052054609924,-155.514063224,-291.7967002336966,-0.0,-0.0,-179.98520503807995,-0.0,-0.0,-0.0,-0.0,-0.0,-0.0,-0.0,-0.0,-0.0,-0.0,-0.0,-0.0,-0.0,-0.0,-0.0,-0.0,-0.0,-0.0,-0.0,-0.0,-0.0
CA1 Neurogliaform,-0.0,-0.0,-0.0,-0.0,-0.0,-0.0,-0.0,-0.0,-0.0,-0.0,-0.0,-0.0,-0.0,-0.0,-0.0,-0.0,-0.0,-0.0,-0.0,-0.0,-0.0,-0.0,-0.0,-0.0,-0.0,-0.0,-0.0,-498.71383424417877,-678.0620351275761,-416.798294763228,-0.0,-338.97546169087997,-486.2117791790688,-0.0,-0.0,-661.6301293107439,-841.0328368815743,-967.0348573058878,-0.0,-0.0,-429.8353025026112,-0.0,-0.0,-372.38870030150053,-759.6526148639999,-0.0,-0.0,-991.2138350762195,-0.0,-0.0,-539.1641100552,-0.0,-0.0,-0.0,-0.0,-0.0,-0.0,-0.0,-0.0,-0.0,-0.0,-0.0,-0.0,-0.0,-0.0,-0.0,-0.0,-0.0,-0.0,-0.0,-0.0,-0.0
CA1 Neurogliaform Projecting,-34.782278294016,-37.18527730176,-0.0,-17.24014423296,-25.946011003776,-19.070699519136,-17.442434656464002,-0.0,-0.0,-36.06490634664959,-25.396076851199997,-20.965446925823997,-19.6696727578368,-0.0,-0.0,-0.0,-0.0,-0.0,-0.0,-0.0,-0.0,-0.0,-0.0,-0.0,-0.0,-0.0,-0.0,-37.258782879744004,-48.361118747136,-31.382500773312,-0.0,-23.966066835456004,-35.8642895176512,-0.0,-0.0,-46.10614966387199,-63.80739579110401,-69.36186630827518,-0.0,-0.0,-30.710629407360003,-0.0,-0.0,-26.90824772689921,-54.343067999616,-0.0,-0.0,-63.75956615500788,-0.0,-0.0,-34.796833623552,-0.0,-0.0,-0.0,-0.0,-0.0,-0.0,-0.0,-0.0,-0.0,-0.0,-0.0,-0.0,-0.0,-0.0,-0.0,-0.0,-0.0,-0.0,-0.0,-0.0,-0.0
CA1 Recurrent O LM,-0.0,-0.0,-0.0,-0.0,-0.0,-0.0,-0.0,-0.0,-0.0,-0.0,-0.0,-0.0,-0.0,-0.0,-0.0,-0.0,-0.0,-0.0,-0.0,-0.0,-0.0,-0.0,-0.0,-0.0,-0.0,-0.0,-0.0,-176.79635128848003,-135.37205470516,-133.13336516927998,-32.3929094832,-130.07679255648,-158.93630813281194,-112.31661396957404,-37.870761198186,-149.66859292862395,-173.29304463113996,-181.37312776428303,-49.045345939799994,-51.932885508504,-148.93042332168,-33.3172035,-24.012596853,-75.226758078528,-188.77435450104002,-0.0,-0.0,-153.14583709467962,-60.100227373725,-66.6476239968,-165.06175620480002,-0.0,-0.0,-0.0,-0.0,-0.0,-0.0,-0.0,-0.0,-0.0,-0.0,-0.0,-0.0,-0.0,-0.0,-0.0,-0.0,-0.0,-0.0,-0.0,-0.0,-0.0
CA1 O LMR,-0.0,-0.0,-0.0,-0.0,-0.0,-0.0,-0.0,-0.0,-0.0,-0.0,-0.0,-0.0,-0.0,-0.0,-0.0,-0.0,-0.0,-0.0,-0.0,-0.0,-0.0,-0.0,-0.0,-0.0,-0.0,-0.0,-0.0,-363.749794820412,-550.7607959531999,-269.23809597502725,-0.0,-254.44940136,-339.65571729488,-0.0,-90.9927726349824,-413.18504020955004,-227.7021322465344,-235.2231048920558,-0.0,-0.0,-288.69021962922955,-0.0,-197.0286903268992,-269.763630328192,-886.6163945668259,-199.187669576448,-316.129573761456,-786.8639431282951,-0.0,-0.0,-370.6145855104001,-0.0,-0.0,-0.0,-0.0,-0.0,-0.0,-0.0,-0.0,-0.0,-0.0,-0.0,-0.0,-0.0,-0.0,-0.0,-0.0,-0.0,-0.0,-0.0,-0.0,-0.0
CA1 Oriens Alveus,-0.0,-0.0,-0.0,-0.0,-0.0,-0.0,-0.0,-0.0,-0.0,-0.0,-0.0,-0.0,-0.0,-0.0,-0.0,-0.0,-0.0,-0.0,-0.0,-0.0,-0.0,-0.0,-0.0,-0.0,-66.5411842572475,-0.0,-0.0,-377.00647036975005,-0.0,-297.626922353031,-191.122956239886,-346.219724889792,-410.29888866249007,-827.7800344077599,-482.04864271265126,-0.0,-0.0,-0.0,-329.94030882384,-289.35997437244794,-338.1967984647808,-204.9978543837,-141.7302150082992,-0.0,-407.47607126424,-0.0,-0.0,-0.0,-401.628562772976,-422.9570484433801,-440.77331649727995,-0.0,-0.0,-0.0,-0.0,-0.0,-0.0,-0.0,-0.0,-0.0,-0.0,-0.0,-0.0,-0.0,-0.0,-0.0,-0.0,-0.0,-0.0,-0.0,-0.0,-0.0
CA1 Oriens Bistratified,-0.0,-0.0,-0.0,-0.0,-0.0,-0.0,-0.0,-0.0,-0.0,-0.0,-0.0,-0.0,-0.0,-0.0,-0.0,-0.0,-0.0,-0.0,-0.0,-0.0,-0.0,-0.0,-0.0,-0.0,-0.0,-0.0,-0.0,-227.91123184999998,-189.7314380896,-140.10645063340397,-35.178616403424,-185.18207162559997,-189.088974677732,-187.398916904352,-138.13987365360003,-114.56413327690241,-0.0,-0.0,-118.9602083584,-59.366465733770994,-171.555363385824,-42.30684623868,-190.61662631616002,-82.23968588563599,-447.000314805,-128.3691443664,-220.511377772,-294.7570286821795,-131.24962865090998,-143.11365057528,-195.31065456576,-0.0,-0.0,-0.0,-0.0,-0.0,-0.0,-0.0,-0.0,-0.0,-0.0,-0.0,-0.0,-0.0,-0.0,-0.0,-0.0,-0.0,-0.0,-0.0,-0.0,-0.0
CA1 OR LM,-0.0,-0.0,-0.0,-0.0,-0.0,-0.0,-0.0,-0.0,-0.0,-0.0,-0.0,-0.0,-0.0,-0.0,-0.0,-0.0,-0.0,-0.0,-0.0,-0.0,-0.0,-0.0,-0.0,-0.0,-0.0,-0.0,-0.0,-228.00957513062403,-325.74552032030397,-200.450415069864,-0.0,-146.4235324463808,-226.15379685602377,-0.0,-0.0,-304.46106343536235,-354.92864844833275,-390.15752515776893,-0.0,-0.0,-197.31186822551038,-0.0,-0.0,-188.81570103668997,-382.39097615482507,-0.0,-0.0,-365.3103986626967,-0.0,-0.0,-242.85711631104002,-0.0,-0.0,-0.0,-0.0,-0.0,-0.0,-0.0,-0.0,-0.0,-0.0,-0.0,-0.0,-0.0,-0.0,-0.0,-0.0,-0.0,-0.0,-0.0,-0.0,-0.0
CA1 Perforant Path Associated,-410.1623955455958,-425.6154273912112,-0.0,-173.00326051548666,-321.1879150621535,-302.9150239284487,-187.33084734991925,-0.0,-0.0,-235.48983759098593,-476.08786664994665,-300.663834115968,-165.02154544282126,-0.0,-0.0,-0.0,-0.0,-0.0,-0.0,-0.0,-0.0,-0.0,-0.0,-0.0,-0.0,-0.0,-0.0,-685.5232627540224,-860.1806414215981,-603.8136112683219,-0.0,-497.778578567424,-685.0015287678091,-0.0,-0.0,-946.6298507560399,-1230.7753726347285,-1228.2452297282375,-0.0,-0.0,-608.026993246176,-0.0,-0.0,-469.12680619357405,-801.9042632092801,-0.0,-0.0,-948.2328835793579,-0.0,-0.0,-553.4112840278401,-0.0,-0.0,-0.0,-0.0,-0.0,-0.0,-0.0,-0.0,-0.0,-0.0,-0.0,-0.0,-0.0,-0.0,-0.0,-0.0,-0.0,-0.0,-0.0,-0.0,-0.0
CA1 Perforant Path Associated QuadD,-0.0,-0.0,-0.0,-0.0,-0.0,-0.0,-0.0,-0.0,-0.0,-0.0,-0.0,-0.0,-0.0,-0.0,-0.0,-0.0,-0.0,-0.0,-0.0,-0.0,-0.0,-0.0,-0.0,-0.0,-0.0,-0.0,-0.0,-41.54732789817281,-51.980310242256,-34.8864864641172,-0.0,-29.978863292928004,-39.870460421074796,-0.0,-0.0,-57.32426433359999,-69.66819600048,-71.909730464418,-0.0,-0.0,-36.7560000112272,-0.0,-0.0,-28.478401734076794,-47.703724855644,-0.0,-0.0,-56.077720359437826,-0.0,-0.0,-35.02076963616,-0.0,-0.0,-0.0,-0.0,-0.0,-0.0,-0.0,-0.0,-0.0,-0.0,-0.0,-0.0,-0.0,-0.0,-0.0,-0.0,-0.0,-0.0,-0.0,-0.0,-0.0
CA1 Radiatum,-0.0,-0.0,-0.0,-0.0,-0.0,-0.0,-0.0,-0.0,-0.0,-0.0,-0.0,-0.0,-0.0,-0.0,-0.0,-0.0,-0.0,-0.0,-0.0,-0.0,-0.0,-0.0,-0.0,-0.0,-0.0,-0.0,-0.0,-53.54274287673791,-92.0461787200464,-46.494935071200004,-0.0,-55.4046601248,-60.220737926036996,-0.0,-49.41774055548,-79.28456652096335,-0.0,-0.0,-0.0,-0.0,-55.27097397761147,-0.0,-52.519852806651365,-44.05437391041504,-127.63488137657401,-69.40554761564928,-95.8572664086996,-187.91449098777227,-0.0,-0.0,-65.74362196032001,-0.0,-0.0,-0.0,-0.0,-0.0,-0.0,-0.0,-0.0,-0.0,-0.0,-0.0,-0.0,-0.0,-0.0,-0.0,-0.0,-0.0,-0.0,-0.0,-0.0,-0.0
CA1 R Receiving Apical Targeting,-0.0,-0.0,-0.0,-0.0,-0.0,-0.0,-0.0,-0.0,-0.0,-0.0,-0.0,-0.0,-0.0,-0.0,-0.0,-0.0,-0.0,-0.0,-0.0,-0.0,-0.0,-0.0,-0.0,-0.0,-0.0,-0.0,-0.0,-404.556774158848,-501.16800419840007,-287.6613761664,-0.0,-293.721611264,-346.63266785792007,-0.0,-158.83870516400643,-514.5635425357824,-196.0825120128,-182.15923442227196,-0.0,-0.0,-335.30599842508803,-0.0,-162.529135473024,-258.79161921535996,-533.85101662464,-205.67189489172483,-321.351459538944,-776.8062130543992,-0.0,-0.0,-334.41966538752,-0.0,-0.0,-0.0,-0.0,-0.0,-0.0,-0.0,-0.0,-0.0,-0.0,-0.0,-0.0,-0.0,-0.0,-0.0,-0.0,-0.0,-0.0,-0.0,-0.0,-0.0
CA1 Schaffer Collateral Associated,-0.0,-0.0,-0.0,-0.0,-0.0,-0.0,-0.0,-0.0,-0.0,-0.0,-0.0,-0.0,-0.0,-0.0,-0.0,-0.0,-0.0,-0.0,-0.0,-0.0,-0.0,-0.0,-0.0,-0.0,-443.12851214215596,-0.0,-0.0,-3894.845750845384,-2068.5042999686666,-3486.266869967699,-479.3159850709894,-3955.520413201571,-3862.545739169119,-1716.6589434793582,-4047.230122665588,-1804.8487027781582,-0.0,-0.0,-1019.8183073115656,-976.729170063844,-3289.104324646128,-374.42700972459875,-1902.307207154979,-1034.1499212509564,-6078.856652170559,-1808.2161013758491,-2754.728516775287,-1396.6219078348074,-1163.6725395770568,-1235.6320971815264,-4850.984726682456,-0.0,-0.0,-0.0,-0.0,-0.0,-0.0,-0.0,-0.0,-0.0,-0.0,-0.0,-0.0,-0.0,-0.0,-0.0,-0.0,-0.0,-0.0,-0.0,-0.0,-0.0
CA1 SO SO,-0.0,-0.0,-0.0,-0.0,-0.0,-0.0,-0.0,-0.0,-0.0,-0.0,-0.0,-0.0,-0.0,-0.0,-0.0,-0.0,-0.0,-0.0,-0.0,-0.0,-0.0,-0.0,-0.0,-0.0,-0.0,-0.0,-0.0,-346.568758800336,-0.0,-243.04333448014717,-264.0743927478721,-266.078244679296,-281.13921814797,-672.6813269216541,-319.1981692914,-0.0,-0.0,-0.0,-314.7203896012,-433.553327539605,-258.66974503532794,-271.31387165315994,-189.26370370257843,-0.0,-285.20768746899,-0.0,-0.0,-0.0,-395.17643747433596,-478.440272172753,-300.16737617592,-0.0,-0.0,-0.0,-0.0,-0.0,-0.0,-0.0,-0.0,-0.0,-0.0,-0.0,-0.0,-0.0,-0.0,-0.0,-0.0,-0.0,-0.0,-0.0,-0.0,-0.0
CA1 Trilaminar,-0.0,-0.0,-0.0,-0.0,-0.0,-0.0,-0.0,-0.0,-0.0,-0.0,-0.0,-0.0,-0.0,-0.0,-0.0,-0.0,-0.0,-0.0,-0.0,-0.0,-0.0,-0.0,-0.0,-0.0,-289.6362162280188,-0.0,-0.0,-1386.7955381158201,-438.20874026397007,-1090.94325176958,-287.4419314767,-1154.2308150048,-1398.38351515016,-938.1924892820482,-1522.39875416937,-386.5629212370179,-0.0,-0.0,-332.4078515808,-387.89349710312246,-1232.649303118968,-292.22850205368,-450.7104248342389,-208.14001531190158,-1795.4540159001604,-333.300761219328,-449.82353525199994,-744.1385413572739,-419.209389289152,-454.40522413486195,-1561.7802244968,-0.0,-0.0,-0.0,-0.0,-0.0,-0.0,-0.0,-0.0,-0.0,-0.0,-0.0,-0.0,-0.0,-0.0,-0.0,-0.0,-0.0,-0.0,-0.0,-0.0,-0.0
CA1 Radial Trilaminar,-0.0,-0.0,-0.0,-0.0,-0.0,-0.0,-0.0,-0.0,-0.0,-0.0,-0.0,-0.0,-0.0,-0.0,-0.0,-0.0,-0.0,-0.0,-0.0,-0.0,-0.0,-0.0,-0.0,-0.0,-10.85107794624,-0.0,-0.0,-165.9451447072692,-67.97182818316801,-112.87490165426999,-35.4899563404414,-129.84255198275198,-151.4109638687184,-109.69849255276799,-154.67523812181003,-43.274669654820244,-0.0,-0.0,-65.58008432639998,-71.7462053498736,-127.05505936730876,-37.39440662685001,-89.34415112597942,-29.255114009097895,-230.44271043024003,-47.443997966736,-78.59515673038398,-144.6234077396444,-76.2342334105275,-94.47194714958002,-149.231695375224,-0.0,-0.0,-0.0,-0.0,-0.0,-0.0,-0.0,-0.0,-0.0,-0.0,-0.0,-0.0,-0.0,-0.0,-0.0,-0.0,-0.0,-0.0,-0.0,-0.0,-0.0
EC LI II Multipolar Pyramidal,0.0,0.0,0.0,0.0,0.0,0.0,0.0,0.0,0.0,0.0,0.0,0.0,0.0,0.0,0.0,0.0,0.0,0.0,0.0,0.0,0.0,0.0,0.0,0.0,0.0,0.0,0.0,0.0,0.0,0.0,0.0,0.0,0.0,0.0,0.0,0.0,0.0,0.0,0.0,0.0,0.0,0.0,0.0,0.0,0.0,0.0,0.0,0.0,0.0,0.0,0.0,335584.71130231285,135890.6828359121,392297.275674549,160408.4870247552,241611.07233899788,495186.07152310305,199992.31318151238,498454.1441388962,368742.2194593228,145068.77664229058,320940.94475349196,306846.41757806396,321940.9836875456,0.0,127246.0525840919,0.0,105271.3598729232,55913.647163635804,0.0,0.0,397502.81949142436
EC LI II Pyramidal Fan,142125.19306975423,136026.2638259712,0.0,34801.982196513396,222073.56868326204,94455.78857298517,31780.361598286563,0.0,0.0,26447.06764329449,100491.4275260335,39929.12722642686,16818.393941190217,0.0,0.0,0.0,0.0,0.0,0.0,0.0,0.0,0.0,0.0,0.0,0.0,0.0,0.0,0.0,0.0,0.0,0.0,0.0,0.0,0.0,0.0,0.0,0.0,32254.532651322705,0.0,0.0,0.0,0.0,0.0,0.0,0.0,0.0,0.0,0.0,0.0,0.0,0.0,137058.64099133536,18762.87758140388,39692.19529359,24009.682691374383,48948.58745995679,36616.84395766204,22434.36749428991,34343.22160867753,36640.953440881014,31668.932570626264,21473.2463275512,30940.808490364503,34791.03195635339,0.0,19250.900103626096,0.0,31115.863137146,17570.49646924688,0.0,0.0,40543.0387878411
MEC LII III Pyramidal Multiform,0.0,0.0,0.0,0.0,0.0,0.0,0.0,0.0,0.0,0.0,0.0,0.0,0.0,0.0,0.0,0.0,0.0,0.0,0.0,0.0,0.0,0.0,0.0,0.0,0.0,0.0,0.0,0.0,0.0,0.0,0.0,0.0,0.0,0.0,0.0,0.0,0.0,0.0,0.0,0.0,0.0,0.0,0.0,0.0,0.0,0.0,0.0,0.0,0.0,0.0,0.0,1904.3382715812,451.0219131319999,5645.585230708501,1803.987626222628,3084.3218290500004,1734.3210782054848,0.0,1765.8540896977402,0.0,13433.54615288,5047.3074085952,1348.90364749266,7262.665097184001,5838.751829278367,5981.216396512841,33908.9600890215,24788.029214565962,26638.982605368004,20148.5072225745,0.0,4328.393772342641
MEC LII Oblique Pyramidal,0.0,0.0,0.0,0.0,0.0,0.0,0.0,0.0,0.0,0.0,0.0,0.0,0.0,0.0,0.0,0.0,0.0,0.0,0.0,0.0,0.0,0.0,0.0,0.0,0.0,0.0,0.0,0.0,0.0,0.0,0.0,0.0,0.0,0.0,0.0,0.0,0.0,0.0,0.0,0.0,0.0,0.0,0.0,0.0,0.0,0.0,0.0,0.0,0.0,0.0,0.0,0.0,0.0,628.8219653032801,0.0,0.0,205.48095399136795,0.0,248.28941881485,0.0,4761.525294981,601.5577032486001,107.952083400616,623.60285516672,384.7664450123,0.0,2899.5512789880004,0.0,3325.8867929279995,0.0,0.0,413.98734304728
MEC LII Stellate,15769.826746692223,14868.423128821827,0.0,3814.8396233094045,24402.112898079413,10303.389982793824,3572.1916236470406,0.0,0.0,2965.9845138881055,11013.22594682884,4405.42992025715,1867.4464374085994,272974.24196877336,0.0,225689.71892664756,110217.59309572383,175066.7420152457,124132.60937027211,0.0,0.0,0.0,0.0,159516.23252329289,103327.4390926026,0.0,0.0,0.0,0.0,0.0,0.0,0.0,0.0,0.0,0.0,0.0,0.0,3582.516888960738,0.0,0.0,0.0,0.0,0.0,0.0,0.0,0.0,0.0,0.0,0.0,0.0,0.0,21641.041799244,6188.429776809499,39846.431817674995,21471.686026476844,0.0,13369.989240837898,0.0,13962.675774983354,0.0,33420.1948157539,23557.379549634003,10627.74698789286,21451.925303595,11938.210516874304,21732.149511072,50972.30139203125,68250.30627407398,51171.257153604,48648.5576692983,0.0,40392.24114294
EC LII III Pyramidal Tripolar,59273.61832060157,55352.570521682326,0.0,14370.230380440162,92369.40096232537,39275.77593349223,13201.770923143225,0.0,0.0,11010.21372436768,41549.674805739225,16451.77798814401,6997.990704270894,0.0,0.0,0.0,0.0,0.0,0.0,0.0,0.0,0.0,0.0,0.0,0.0,0.0,0.0,0.0,0.0,0.0,0.0,0.0,0.0,0.0,0.0,0.0,0.0,13417.915451227576,0.0,0.0,0.0,0.0,0.0,0.0,0.0,0.0,0.0,0.0,0.0,0.0,0.0,77336.67835013902,18827.748042067968,36533.6110884276,18337.84404080714,31925.578683463933,39081.823277108306,13694.270012902922,34424.727322890554,31671.01226029642,26013.027138860743,14242.06117503855,28855.307899746276,32238.57826455552,0.0,18188.39824676406,0.0,21246.86167602616,19795.518419235217,0.0,0.0,35152.7796781056
LEC LIII Multipolar Principal,0.0,0.0,0.0,0.0,0.0,0.0,0.0,0.0,0.0,0.0,0.0,0.0,0.0,0.0,0.0,0.0,0.0,0.0,0.0,0.0,0.0,0.0,0.0,0.0,0.0,0.0,0.0,0.0,0.0,0.0,0.0,0.0,0.0,0.0,0.0,0.0,0.0,0.0,0.0,0.0,0.0,0.0,0.0,0.0,0.0,0.0,0.0,0.0,0.0,0.0,0.0,9894.567638517912,1613.42081052243,0.0,0.0,0.0,5365.5877078432195,10989.807058186854,5271.7292996117685,11953.215801988777,0.0,0.0,4257.262441353492,10633.01180912755,4293.876969216016,5510.1422033750405,0.0,0.0,0.0,0.0,817.2360433315584,0.0
EC LIII Pyramidal,0.0,0.0,0.0,0.0,0.0,0.0,0.0,0.0,0.0,0.0,0.0,0.0,0.0,0.0,0.0,0.0,0.0,0.0,0.0,0.0,0.0,0.0,0.0,0.0,0.0,0.0,0.0,191274.36891237606,143602.0736129414,197379.01017258,0.0,68497.02397121931,188594.73344976577,0.0,0.0,68511.93171040568,434544.2416941151,132332.23345765326,0.0,0.0,105755.14270619821,0.0,0.0,103391.12023260527,141935.7356560555,0.0,0.0,0.0,0.0,0.0,40194.081938386254,0.0,0.0,4277.525527163751,0.0,0.0,4247.0424416946935,24584.079929170945,4833.770028354714,16367.551712735998,13263.655534438401,4205.822602110975,2241.729739348736,23227.4883476736,25726.9779816192,18913.09384005709,17444.219172396803,7665.651399767962,10550.866536808193,9844.13497971456,15177.495448387583,2042.4431611760642
LEC LIII Complex Pyramidal,0.0,0.0,0.0,0.0,0.0,0.0,0.0,0.0,0.0,0.0,0.0,0.0,0.0,0.0,0.0,0.0,0.0,0.0,0.0,0.0,0.0,0.0,0.0,0.0,0.0,0.0,0.0,0.0,0.0,0.0,0.0,0.0,0.0,0.0,0.0,0.0,0.0,0.0,0.0,0.0,0.0,0.0,0.0,0.0,0.0,0.0,0.0,0.0,0.0,0.0,0.0,4486.718086982209,1170.4289599679028,0.0,0.0,0.0,6287.3310619349995,18041.159977416577,6314.9322057891295,15997.088215080199,0.0,0.0,4412.752477521695,16451.639891628045,8112.004762856905,8393.478744887827,0.0,0.0,0.0,0.0,1549.9705618606465,0.0
MEC LIII Complex Pyramidal,0.0,0.0,0.0,0.0,0.0,0.0,0.0,0.0,0.0,0.0,0.0,0.0,0.0,0.0,0.0,0.0,0.0,0.0,0.0,0.0,0.0,0.0,0.0,0.0,0.0,0.0,0.0,0.0,0.0,0.0,0.0,0.0,0.0,0.0,0.0,0.0,0.0,0.0,0.0,0.0,0.0,0.0,0.0,0.0,0.0,0.0,0.0,0.0,0.0,0.0,0.0,10125.701504029441,1348.85781543744,9113.20304167728,5698.416470127892,11943.98558728188,2712.297989939126,0.0,2467.523212200743,0.0,15198.307067518352,5474.179993366561,2270.0925091398744,3587.653486362625,880.8524826077702,1382.953670691488,7220.592400894739,6217.956198509413,7287.243514507879,0.0,0.0,9253.64853144576
MEC LIII Bipolar Complex Pyramidal,0.0,0.0,0.0,0.0,0.0,0.0,0.0,0.0,0.0,0.0,0.0,0.0,0.0,0.0,0.0,0.0,0.0,0.0,0.0,0.0,0.0,0.0,0.0,0.0,0.0,0.0,0.0,0.0,0.0,0.0,0.0,0.0,0.0,0.0,0.0,0.0,0.0,0.0,0.0,0.0,0.0,0.0,0.0,0.0,0.0,0.0,0.0,0.0,0.0,0.0,0.0,2033.0230997349,325.8739337511959,2863.22870187144,1295.3653254289438,2688.7275748805996,897.8498190301857,0.0,862.9948216397761,0.0,9003.569463790402,1846.476609982326,689.6506326838241,1699.4601532496001,554.4914130826198,326.3117044732651,3981.0305590977605,1033.622174671758,6611.57488399954,0.0,0.0,2790.2404263322164
EC LIII Stellate,0.0,0.0,0.0,0.0,0.0,0.0,0.0,0.0,0.0,0.0,0.0,0.0,0.0,0.0,0.0,0.0,0.0,0.0,0.0,0.0,0.0,0.0,0.0,0.0,0.0,0.0,0.0,0.0,0.0,0.0,0.0,0.0,0.0,0.0,0.0,0.0,0.0,0.0,0.0,0.0,0.0,0.0,0.0,0.0,0.0,0.0,0.0,0.0,0.0,0.0,0.0,0.0,0.0,1177.7639263014241,0.0,0.0,1198.146565002816,2274.8601446247594,1355.092803763776,1160.795323551864,1733.53088418378,1155.16026651828,634.4436658778064,873.258533082144,0.0,0.0,0.0,0.0,578.0810890828511,0.0,0.0,617.5361356910593
EC LIII V Bipolar Pyramidal,0.0,0.0,0.0,0.0,0.0,0.0,0.0,0.0,0.0,0.0,0.0,0.0,0.0,0.0,0.0,0.0,0.0,0.0,0.0,0.0,0.0,0.0,0.0,0.0,0.0,0.0,0.0,0.0,0.0,0.0,0.0,0.0,0.0,0.0,0.0,0.0,0.0,0.0,0.0,0.0,0.0,0.0,0.0,0.0,0.0,0.0,0.0,0.0,0.0,0.0,0.0,0.0,0.0,5436.8851431258,0.0,0.0,5842.383676415,24189.455248241924,6317.0407428710405,12436.344065343743,11036.10794814216,5213.52951090244,3540.2054605631997,23950.517455238405,22795.43220985212,19455.032798347056,16129.218276029042,10208.751569359201,17344.67654732467,14337.238675434948,17261.04368661504,3979.6959440394
EC LIV VI Deep Multipolar Principal,0.0,0.0,0.0,0.0,0.0,0.0,0.0,0.0,0.0,0.0,0.0,0.0,0.0,0.0,0.0,0.0,0.0,0.0,0.0,0.0,0.0,0.0,0.0,0.0,0.0,0.0,0.0,0.0,0.0,0.0,0.0,0.0,0.0,0.0,0.0,0.0,0.0,0.0,0.0,0.0,0.0,0.0,0.0,0.0,0.0,0.0,0.0,0.0,0.0,0.0,0.0,0.0,0.0,0.0,0.0,0.0,0.0,41790.7245802601,0.0,28354.696766759524,14924.373513522622,0.0,0.0,52872.38912395442,87760.43376794651,59641.2310099648,53038.934253213774,21638.54083528847,29858.521317959265,39895.29329897916,56257.5410565934,0.0
EC LV Deep Pyramidal,0.0,0.0,0.0,0.0,0.0,0.0,0.0,0.0,0.0,0.0,0.0,0.0,0.0,0.0,0.0,0.0,0.0,0.0,0.0,0.0,0.0,0.0,0.0,0.0,0.0,0.0,0.0,0.0,0.0,0.0,0.0,0.0,0.0,0.0,0.0,0.0,0.0,0.0,0.0,0.0,0.0,0.0,0.0,0.0,0.0,0.0,0.0,0.0,0.0,0.0,0.0,0.0,0.0,0.0,0.0,0.0,0.0,4372.424863340489,0.0,0.0,0.0,0.0,0.0,9157.388271811416,14554.730021045762,17984.56198284922,7634.5684559711835,7786.634975401413,3228.585362122781,9789.211073540053,15248.954929112575,0.0
MEC LV Multipolar Pyramidal,0.0,0.0,0.0,0.0,0.0,0.0,0.0,0.0,0.0,0.0,0.0,0.0,0.0,0.0,0.0,0.0,0.0,0.0,0.0,0.0,0.0,0.0,0.0,0.0,0.0,0.0,0.0,0.0,0.0,0.0,0.0,0.0,0.0,0.0,0.0,0.0,0.0,0.0,0.0,0.0,0.0,0.0,0.0,0.0,0.0,0.0,0.0,0.0,0.0,0.0,0.0,0.0,0.0,1587.18311807328,0.0,0.0,509.50097085888,0.0,549.630472421394,0.0,4780.347932672001,1558.52223495696,336.76088240496006,1618.6681007777277,1534.7480454310476,1279.9790553164162,9114.13643872914,5226.221826025198,6253.279778163601,4790.628658015199,0.0,1071.468316764456
MEC LV Pyramidal,151026.29760266806,93817.12132302571,0.0,58876.51135056801,115184.40973423744,68131.85646607734,49384.620141425585,0.0,107091.45889516316,67548.92935549733,8722.595395581573,3415.920477441375,37522.61183111367,0.0,0.0,0.0,0.0,0.0,0.0,0.0,0.0,0.0,0.0,0.0,0.0,0.0,0.0,0.0,0.0,0.0,0.0,0.0,0.0,0.0,0.0,0.0,0.0,2776.845283382508,0.0,0.0,0.0,0.0,0.0,0.0,0.0,0.0,0.0,0.0,0.0,0.0,0.0,7287.8206826880005,883.8135547738068,6811.548011212895,3886.06082756892,9015.918818358761,2034.4792677369599,0.0,1844.7167288829653,0.0,15063.141308384402,4056.9485391234234,1579.234100943952,6273.280217352288,5368.495239146259,6085.033809146879,29919.956640000004,25530.475497173138,20473.359149449712,16345.020192905247,0.0,7168.654250334719
MEC LV Superficial Pyramidal,0.0,0.0,0.0,0.0,0.0,0.0,0.0,0.0,0.0,0.0,0.0,0.0,0.0,0.0,0.0,0.0,0.0,0.0,0.0,0.0,0.0,0.0,0.0,0.0,0.0,0.0,0.0,0.0,0.0,0.0,0.0,0.0,0.0,0.0,0.0,0.0,0.0,0.0,0.0,0.0,0.0,0.0,0.0,0.0,0.0,0.0,0.0,0.0,0.0,0.0,0.0,749.6833818411002,153.7346154751344,2188.245157191324,705.9759752707199,1351.61161379244,723.2629238714879,0.0,692.9781611562809,0.0,5185.17776685636,1973.7403914468243,455.8654892171771,2027.89845025488,1128.712474306053,1234.58882990625,9869.518800771839,6254.642574240605,4703.861230689347,1529.484520291875,0.0,1553.774689527858
MEC LV VI Pyramidal Polymorphic,0.0,0.0,0.0,0.0,0.0,0.0,0.0,0.0,0.0,0.0,0.0,0.0,0.0,0.0,0.0,0.0,0.0,0.0,0.0,0.0,0.0,0.0,0.0,0.0,0.0,0.0,0.0,0.0,0.0,0.0,0.0,0.0,0.0,0.0,0.0,0.0,0.0,0.0,0.0,0.0,0.0,0.0,0.0,0.0,0.0,0.0,0.0,0.0,0.0,0.0,0.0,0.0,0.0,0.0,0.0,0.0,0.0,0.0,0.0,0.0,0.0,0.0,0.0,0.0,3867.021652558802,3533.356249384122,0.0,0.0,0.0,20643.69725620272,0.0,0.0
LEC LVI Multipolar Pyramidal,0.0,0.0,0.0,0.0,0.0,0.0,0.0,0.0,0.0,0.0,0.0,0.0,0.0,0.0,0.0,0.0,0.0,0.0,0.0,0.0,0.0,0.0,0.0,0.0,0.0,0.0,0.0,0.0,0.0,0.0,0.0,0.0,0.0,0.0,0.0,0.0,0.0,0.0,0.0,0.0,0.0,0.0,0.0,0.0,0.0,0.0,0.0,0.0,0.0,0.0,0.0,0.0,0.0,0.0,0.0,0.0,840.7068499479375,6730.83360175275,954.9455304957752,3781.8665078150257,0.0,0.0,454.1538316574701,5129.4303605531995,6149.43014629632,5030.030336213663,0.0,0.0,0.0,0.0,5326.009457683199,0.0
MEC LIII Superficial Trilayered Interneuron,-0.0,-0.0,-0.0,-0.0,-0.0,-0.0,-0.0,-0.0,-0.0,-0.0,-0.0,-0.0,-0.0,-0.0,-0.0,-0.0,-0.0,-0.0,-0.0,-0.0,-0.0,-0.0,-0.0,-0.0,-0.0,-0.0,-0.0,-0.0,-0.0,-0.0,-0.0,-0.0,-0.0,-0.0,-0.0,-0.0,-0.0,-0.0,-0.0,-0.0,-0.0,-0.0,-0.0,-0.0,-0.0,-0.0,-0.0,-0.0,-0.0,-0.0,-0.0,-2372.498740424376,-643.9387919240061,-1958.9893363888002,-1382.5080692325,-2324.9235135293998,-453.3228520128001,-0.0,-603.6496857205009,-0.0,-1952.434496304504,-855.8579324167699,-664.3395879144961,-520.0073196262559,-0.0,-632.1073700203417,-0.0,-1975.0575234521039,-1374.680935466849,-0.0,-0.0,-1330.89218843136
